ISO-10303-21;
HEADER;
/* Generated by software containing ST-Developer
 * from STEP Tools, Inc. (www.steptools.com) 
 */

FILE_DESCRIPTION(
/* description */ (''),
/* implementation_level */ '2;1');

FILE_NAME(
/* name */ 'body drone Copy.step',
/* time_stamp */ '2026-08-25T16:03:21+03:00',
/* author */ (''),
/* organization */ (''),
/* preprocessor_version */ 'ST-DEVELOPER v20.1',
/* originating_system */ 'Autodesk Translation Framework v15.8.0.0',
/* authorisation */ '');

FILE_SCHEMA (('AUTOMOTIVE_DESIGN { 1 0 10303 214 3 1 1 }'));
ENDSEC;

DATA;
#10=MECHANICAL_DESIGN_GEOMETRIC_PRESENTATION_REPRESENTATION('',(#13),#2151);
#11=SHAPE_REPRESENTATION_RELATIONSHIP('SRR','None',#2158,#12);
#12=ADVANCED_BREP_SHAPE_REPRESENTATION('',(#14),#2150);
#13=STYLED_ITEM('',(#2167),#14);
#14=MANIFOLD_SOLID_BREP('Body1',#1291);
#15=FACE_BOUND('',#204,.T.);
#16=FACE_BOUND('',#205,.T.);
#17=FACE_BOUND('',#206,.T.);
#18=FACE_BOUND('',#207,.T.);
#19=FACE_BOUND('',#208,.T.);
#20=FACE_BOUND('',#209,.T.);
#21=FACE_BOUND('',#210,.T.);
#22=FACE_BOUND('',#211,.T.);
#23=FACE_BOUND('',#212,.T.);
#24=FACE_BOUND('',#213,.T.);
#25=FACE_BOUND('',#214,.T.);
#26=FACE_BOUND('',#215,.T.);
#27=FACE_BOUND('',#216,.T.);
#28=FACE_BOUND('',#217,.T.);
#29=FACE_BOUND('',#218,.T.);
#30=FACE_BOUND('',#219,.T.);
#31=FACE_BOUND('',#221,.T.);
#32=FACE_BOUND('',#222,.T.);
#33=FACE_BOUND('',#223,.T.);
#34=FACE_BOUND('',#224,.T.);
#35=FACE_BOUND('',#225,.T.);
#36=FACE_BOUND('',#226,.T.);
#37=FACE_BOUND('',#227,.T.);
#38=FACE_BOUND('',#228,.T.);
#39=FACE_BOUND('',#229,.T.);
#40=FACE_BOUND('',#230,.T.);
#41=FACE_BOUND('',#231,.T.);
#42=FACE_BOUND('',#232,.T.);
#43=FACE_BOUND('',#233,.T.);
#44=FACE_BOUND('',#234,.T.);
#45=FACE_BOUND('',#235,.T.);
#46=FACE_BOUND('',#236,.T.);
#47=PLANE('',#1320);
#48=PLANE('',#1321);
#49=PLANE('',#1322);
#50=PLANE('',#1326);
#51=PLANE('',#1327);
#52=PLANE('',#1328);
#53=PLANE('',#1332);
#54=PLANE('',#1333);
#55=PLANE('',#1334);
#56=PLANE('',#1335);
#57=PLANE('',#1339);
#58=PLANE('',#1340);
#59=PLANE('',#1341);
#60=PLANE('',#1345);
#61=PLANE('',#1349);
#62=PLANE('',#1353);
#63=PLANE('',#1357);
#64=PLANE('',#1361);
#65=PLANE('',#1365);
#66=PLANE('',#1369);
#67=PLANE('',#1376);
#68=PLANE('',#1380);
#69=PLANE('',#1384);
#70=PLANE('',#1388);
#71=PLANE('',#1392);
#72=PLANE('',#1396);
#73=PLANE('',#1400);
#74=PLANE('',#1404);
#75=PLANE('',#1405);
#76=PLANE('',#1409);
#77=PLANE('',#1413);
#78=PLANE('',#1417);
#79=PLANE('',#1421);
#80=PLANE('',#1422);
#81=FACE_OUTER_BOUND('',#143,.T.);
#82=FACE_OUTER_BOUND('',#144,.T.);
#83=FACE_OUTER_BOUND('',#145,.T.);
#84=FACE_OUTER_BOUND('',#146,.T.);
#85=FACE_OUTER_BOUND('',#147,.T.);
#86=FACE_OUTER_BOUND('',#148,.T.);
#87=FACE_OUTER_BOUND('',#149,.T.);
#88=FACE_OUTER_BOUND('',#150,.T.);
#89=FACE_OUTER_BOUND('',#151,.T.);
#90=FACE_OUTER_BOUND('',#152,.T.);
#91=FACE_OUTER_BOUND('',#153,.T.);
#92=FACE_OUTER_BOUND('',#154,.T.);
#93=FACE_OUTER_BOUND('',#155,.T.);
#94=FACE_OUTER_BOUND('',#156,.T.);
#95=FACE_OUTER_BOUND('',#157,.T.);
#96=FACE_OUTER_BOUND('',#158,.T.);
#97=FACE_OUTER_BOUND('',#159,.T.);
#98=FACE_OUTER_BOUND('',#160,.T.);
#99=FACE_OUTER_BOUND('',#161,.T.);
#100=FACE_OUTER_BOUND('',#162,.T.);
#101=FACE_OUTER_BOUND('',#163,.T.);
#102=FACE_OUTER_BOUND('',#164,.T.);
#103=FACE_OUTER_BOUND('',#165,.T.);
#104=FACE_OUTER_BOUND('',#166,.T.);
#105=FACE_OUTER_BOUND('',#167,.T.);
#106=FACE_OUTER_BOUND('',#168,.T.);
#107=FACE_OUTER_BOUND('',#169,.T.);
#108=FACE_OUTER_BOUND('',#170,.T.);
#109=FACE_OUTER_BOUND('',#171,.T.);
#110=FACE_OUTER_BOUND('',#172,.T.);
#111=FACE_OUTER_BOUND('',#173,.T.);
#112=FACE_OUTER_BOUND('',#174,.T.);
#113=FACE_OUTER_BOUND('',#175,.T.);
#114=FACE_OUTER_BOUND('',#176,.T.);
#115=FACE_OUTER_BOUND('',#177,.T.);
#116=FACE_OUTER_BOUND('',#178,.T.);
#117=FACE_OUTER_BOUND('',#179,.T.);
#118=FACE_OUTER_BOUND('',#180,.T.);
#119=FACE_OUTER_BOUND('',#181,.T.);
#120=FACE_OUTER_BOUND('',#182,.T.);
#121=FACE_OUTER_BOUND('',#183,.T.);
#122=FACE_OUTER_BOUND('',#184,.T.);
#123=FACE_OUTER_BOUND('',#185,.T.);
#124=FACE_OUTER_BOUND('',#186,.T.);
#125=FACE_OUTER_BOUND('',#187,.T.);
#126=FACE_OUTER_BOUND('',#188,.T.);
#127=FACE_OUTER_BOUND('',#189,.T.);
#128=FACE_OUTER_BOUND('',#190,.T.);
#129=FACE_OUTER_BOUND('',#191,.T.);
#130=FACE_OUTER_BOUND('',#192,.T.);
#131=FACE_OUTER_BOUND('',#193,.T.);
#132=FACE_OUTER_BOUND('',#194,.T.);
#133=FACE_OUTER_BOUND('',#195,.T.);
#134=FACE_OUTER_BOUND('',#196,.T.);
#135=FACE_OUTER_BOUND('',#197,.T.);
#136=FACE_OUTER_BOUND('',#198,.T.);
#137=FACE_OUTER_BOUND('',#199,.T.);
#138=FACE_OUTER_BOUND('',#200,.T.);
#139=FACE_OUTER_BOUND('',#201,.T.);
#140=FACE_OUTER_BOUND('',#202,.T.);
#141=FACE_OUTER_BOUND('',#203,.T.);
#142=FACE_OUTER_BOUND('',#220,.T.);
#143=EDGE_LOOP('',(#841,#842,#843,#844));
#144=EDGE_LOOP('',(#845,#846,#847,#848));
#145=EDGE_LOOP('',(#849,#850,#851,#852));
#146=EDGE_LOOP('',(#853,#854,#855,#856));
#147=EDGE_LOOP('',(#857,#858,#859,#860));
#148=EDGE_LOOP('',(#861,#862,#863,#864));
#149=EDGE_LOOP('',(#865,#866,#867,#868));
#150=EDGE_LOOP('',(#869,#870,#871,#872));
#151=EDGE_LOOP('',(#873,#874,#875,#876));
#152=EDGE_LOOP('',(#877,#878,#879,#880));
#153=EDGE_LOOP('',(#881,#882,#883,#884));
#154=EDGE_LOOP('',(#885,#886,#887,#888));
#155=EDGE_LOOP('',(#889,#890,#891,#892));
#156=EDGE_LOOP('',(#893,#894,#895,#896));
#157=EDGE_LOOP('',(#897,#898,#899,#900));
#158=EDGE_LOOP('',(#901,#902,#903,#904));
#159=EDGE_LOOP('',(#905,#906,#907,#908));
#160=EDGE_LOOP('',(#909,#910,#911,#912));
#161=EDGE_LOOP('',(#913,#914,#915,#916));
#162=EDGE_LOOP('',(#917,#918,#919,#920));
#163=EDGE_LOOP('',(#921,#922,#923,#924));
#164=EDGE_LOOP('',(#925,#926,#927,#928));
#165=EDGE_LOOP('',(#929,#930,#931,#932));
#166=EDGE_LOOP('',(#933,#934,#935,#936));
#167=EDGE_LOOP('',(#937,#938,#939,#940));
#168=EDGE_LOOP('',(#941,#942,#943,#944));
#169=EDGE_LOOP('',(#945,#946,#947,#948));
#170=EDGE_LOOP('',(#949,#950,#951,#952));
#171=EDGE_LOOP('',(#953,#954,#955,#956));
#172=EDGE_LOOP('',(#957,#958,#959,#960));
#173=EDGE_LOOP('',(#961,#962,#963,#964));
#174=EDGE_LOOP('',(#965,#966,#967,#968));
#175=EDGE_LOOP('',(#969,#970,#971,#972));
#176=EDGE_LOOP('',(#973,#974,#975,#976));
#177=EDGE_LOOP('',(#977,#978,#979,#980));
#178=EDGE_LOOP('',(#981,#982,#983,#984));
#179=EDGE_LOOP('',(#985,#986,#987,#988));
#180=EDGE_LOOP('',(#989,#990,#991,#992));
#181=EDGE_LOOP('',(#993,#994,#995,#996));
#182=EDGE_LOOP('',(#997,#998,#999,#1000));
#183=EDGE_LOOP('',(#1001,#1002,#1003,#1004));
#184=EDGE_LOOP('',(#1005,#1006,#1007,#1008));
#185=EDGE_LOOP('',(#1009,#1010,#1011,#1012));
#186=EDGE_LOOP('',(#1013,#1014,#1015,#1016));
#187=EDGE_LOOP('',(#1017,#1018,#1019,#1020));
#188=EDGE_LOOP('',(#1021,#1022,#1023,#1024));
#189=EDGE_LOOP('',(#1025,#1026,#1027,#1028));
#190=EDGE_LOOP('',(#1029,#1030,#1031,#1032));
#191=EDGE_LOOP('',(#1033,#1034,#1035,#1036));
#192=EDGE_LOOP('',(#1037,#1038,#1039,#1040));
#193=EDGE_LOOP('',(#1041,#1042,#1043,#1044));
#194=EDGE_LOOP('',(#1045,#1046,#1047,#1048));
#195=EDGE_LOOP('',(#1049,#1050,#1051,#1052));
#196=EDGE_LOOP('',(#1053,#1054,#1055,#1056));
#197=EDGE_LOOP('',(#1057,#1058,#1059,#1060));
#198=EDGE_LOOP('',(#1061,#1062,#1063,#1064));
#199=EDGE_LOOP('',(#1065,#1066,#1067,#1068));
#200=EDGE_LOOP('',(#1069,#1070,#1071,#1072));
#201=EDGE_LOOP('',(#1073,#1074,#1075,#1076));
#202=EDGE_LOOP('',(#1077,#1078,#1079,#1080));
#203=EDGE_LOOP('',(#1081,#1082,#1083,#1084,#1085,#1086,#1087,#1088));
#204=EDGE_LOOP('',(#1089,#1090,#1091,#1092));
#205=EDGE_LOOP('',(#1093,#1094,#1095,#1096));
#206=EDGE_LOOP('',(#1097,#1098,#1099,#1100));
#207=EDGE_LOOP('',(#1101,#1102,#1103,#1104));
#208=EDGE_LOOP('',(#1105,#1106,#1107,#1108));
#209=EDGE_LOOP('',(#1109,#1110,#1111,#1112));
#210=EDGE_LOOP('',(#1113,#1114,#1115,#1116));
#211=EDGE_LOOP('',(#1117,#1118,#1119,#1120));
#212=EDGE_LOOP('',(#1121,#1122,#1123,#1124));
#213=EDGE_LOOP('',(#1125,#1126,#1127,#1128));
#214=EDGE_LOOP('',(#1129,#1130,#1131,#1132));
#215=EDGE_LOOP('',(#1133,#1134,#1135,#1136));
#216=EDGE_LOOP('',(#1137));
#217=EDGE_LOOP('',(#1138));
#218=EDGE_LOOP('',(#1139));
#219=EDGE_LOOP('',(#1140));
#220=EDGE_LOOP('',(#1141,#1142,#1143,#1144,#1145,#1146,#1147,#1148));
#221=EDGE_LOOP('',(#1149,#1150,#1151,#1152));
#222=EDGE_LOOP('',(#1153,#1154,#1155,#1156));
#223=EDGE_LOOP('',(#1157,#1158,#1159,#1160));
#224=EDGE_LOOP('',(#1161,#1162,#1163,#1164));
#225=EDGE_LOOP('',(#1165,#1166,#1167,#1168));
#226=EDGE_LOOP('',(#1169,#1170,#1171,#1172));
#227=EDGE_LOOP('',(#1173,#1174,#1175,#1176));
#228=EDGE_LOOP('',(#1177,#1178,#1179,#1180));
#229=EDGE_LOOP('',(#1181,#1182,#1183,#1184));
#230=EDGE_LOOP('',(#1185,#1186,#1187,#1188));
#231=EDGE_LOOP('',(#1189,#1190,#1191,#1192));
#232=EDGE_LOOP('',(#1193,#1194,#1195,#1196));
#233=EDGE_LOOP('',(#1197));
#234=EDGE_LOOP('',(#1198));
#235=EDGE_LOOP('',(#1199));
#236=EDGE_LOOP('',(#1200));
#237=LINE('',#1790,#361);
#238=LINE('',#1796,#362);
#239=LINE('',#1802,#363);
#240=LINE('',#1808,#364);
#241=LINE('',#1815,#365);
#242=LINE('',#1818,#366);
#243=LINE('',#1821,#367);
#244=LINE('',#1823,#368);
#245=LINE('',#1824,#369);
#246=LINE('',#1827,#370);
#247=LINE('',#1829,#371);
#248=LINE('',#1830,#372);
#249=LINE('',#1832,#373);
#250=LINE('',#1833,#374);
#251=LINE('',#1839,#375);
#252=LINE('',#1842,#376);
#253=LINE('',#1845,#377);
#254=LINE('',#1847,#378);
#255=LINE('',#1848,#379);
#256=LINE('',#1851,#380);
#257=LINE('',#1853,#381);
#258=LINE('',#1854,#382);
#259=LINE('',#1856,#383);
#260=LINE('',#1857,#384);
#261=LINE('',#1863,#385);
#262=LINE('',#1866,#386);
#263=LINE('',#1869,#387);
#264=LINE('',#1871,#388);
#265=LINE('',#1872,#389);
#266=LINE('',#1875,#390);
#267=LINE('',#1877,#391);
#268=LINE('',#1878,#392);
#269=LINE('',#1880,#393);
#270=LINE('',#1881,#394);
#271=LINE('',#1885,#395);
#272=LINE('',#1887,#396);
#273=LINE('',#1889,#397);
#274=LINE('',#1890,#398);
#275=LINE('',#1895,#399);
#276=LINE('',#1899,#400);
#277=LINE('',#1901,#401);
#278=LINE('',#1902,#402);
#279=LINE('',#1904,#403);
#280=LINE('',#1905,#404);
#281=LINE('',#1909,#405);
#282=LINE('',#1911,#406);
#283=LINE('',#1913,#407);
#284=LINE('',#1914,#408);
#285=LINE('',#1920,#409);
#286=LINE('',#1923,#410);
#287=LINE('',#1925,#411);
#288=LINE('',#1926,#412);
#289=LINE('',#1933,#413);
#290=LINE('',#1935,#414);
#291=LINE('',#1937,#415);
#292=LINE('',#1938,#416);
#293=LINE('',#1944,#417);
#294=LINE('',#1947,#418);
#295=LINE('',#1949,#419);
#296=LINE('',#1950,#420);
#297=LINE('',#1957,#421);
#298=LINE('',#1959,#422);
#299=LINE('',#1961,#423);
#300=LINE('',#1962,#424);
#301=LINE('',#1968,#425);
#302=LINE('',#1971,#426);
#303=LINE('',#1973,#427);
#304=LINE('',#1974,#428);
#305=LINE('',#1981,#429);
#306=LINE('',#1983,#430);
#307=LINE('',#1985,#431);
#308=LINE('',#1986,#432);
#309=LINE('',#1992,#433);
#310=LINE('',#1995,#434);
#311=LINE('',#1997,#435);
#312=LINE('',#1998,#436);
#313=LINE('',#2007,#437);
#314=LINE('',#2010,#438);
#315=LINE('',#2013,#439);
#316=LINE('',#2015,#440);
#317=LINE('',#2016,#441);
#318=LINE('',#2022,#442);
#319=LINE('',#2024,#443);
#320=LINE('',#2025,#444);
#321=LINE('',#2031,#445);
#322=LINE('',#2034,#446);
#323=LINE('',#2037,#447);
#324=LINE('',#2039,#448);
#325=LINE('',#2040,#449);
#326=LINE('',#2046,#450);
#327=LINE('',#2048,#451);
#328=LINE('',#2049,#452);
#329=LINE('',#2055,#453);
#330=LINE('',#2058,#454);
#331=LINE('',#2061,#455);
#332=LINE('',#2063,#456);
#333=LINE('',#2064,#457);
#334=LINE('',#2070,#458);
#335=LINE('',#2072,#459);
#336=LINE('',#2073,#460);
#337=LINE('',#2079,#461);
#338=LINE('',#2082,#462);
#339=LINE('',#2085,#463);
#340=LINE('',#2087,#464);
#341=LINE('',#2088,#465);
#342=LINE('',#2094,#466);
#343=LINE('',#2096,#467);
#344=LINE('',#2097,#468);
#345=LINE('',#2101,#469);
#346=LINE('',#2103,#470);
#347=LINE('',#2105,#471);
#348=LINE('',#2106,#472);
#349=LINE('',#2112,#473);
#350=LINE('',#2115,#474);
#351=LINE('',#2117,#475);
#352=LINE('',#2118,#476);
#353=LINE('',#2124,#477);
#354=LINE('',#2127,#478);
#355=LINE('',#2129,#479);
#356=LINE('',#2130,#480);
#357=LINE('',#2136,#481);
#358=LINE('',#2139,#482);
#359=LINE('',#2141,#483);
#360=LINE('',#2142,#484);
#361=VECTOR('',#1429,4.25);
#362=VECTOR('',#1436,4.25000000000001);
#363=VECTOR('',#1443,4.25000000000001);
#364=VECTOR('',#1450,4.25);
#365=VECTOR('',#1457,10.);
#366=VECTOR('',#1460,10.);
#367=VECTOR('',#1463,10.);
#368=VECTOR('',#1464,10.);
#369=VECTOR('',#1465,10.);
#370=VECTOR('',#1468,10.);
#371=VECTOR('',#1469,10.);
#372=VECTOR('',#1470,10.);
#373=VECTOR('',#1473,10.);
#374=VECTOR('',#1474,10.);
#375=VECTOR('',#1479,10.);
#376=VECTOR('',#1482,10.);
#377=VECTOR('',#1485,10.);
#378=VECTOR('',#1486,10.);
#379=VECTOR('',#1487,10.);
#380=VECTOR('',#1490,10.);
#381=VECTOR('',#1491,10.);
#382=VECTOR('',#1492,10.);
#383=VECTOR('',#1495,10.);
#384=VECTOR('',#1496,10.);
#385=VECTOR('',#1501,10.);
#386=VECTOR('',#1504,10.);
#387=VECTOR('',#1507,10.);
#388=VECTOR('',#1508,10.);
#389=VECTOR('',#1509,10.);
#390=VECTOR('',#1512,10.);
#391=VECTOR('',#1513,10.);
#392=VECTOR('',#1514,10.);
#393=VECTOR('',#1517,10.);
#394=VECTOR('',#1518,10.);
#395=VECTOR('',#1521,10.);
#396=VECTOR('',#1522,10.);
#397=VECTOR('',#1523,10.);
#398=VECTOR('',#1524,10.);
#399=VECTOR('',#1529,10.);
#400=VECTOR('',#1534,10.);
#401=VECTOR('',#1535,10.);
#402=VECTOR('',#1536,10.);
#403=VECTOR('',#1539,10.);
#404=VECTOR('',#1540,10.);
#405=VECTOR('',#1543,10.);
#406=VECTOR('',#1544,10.);
#407=VECTOR('',#1545,10.);
#408=VECTOR('',#1546,10.);
#409=VECTOR('',#1553,10.);
#410=VECTOR('',#1556,10.);
#411=VECTOR('',#1557,10.);
#412=VECTOR('',#1558,10.);
#413=VECTOR('',#1567,10.);
#414=VECTOR('',#1568,10.);
#415=VECTOR('',#1569,10.);
#416=VECTOR('',#1570,10.);
#417=VECTOR('',#1577,10.);
#418=VECTOR('',#1580,10.);
#419=VECTOR('',#1581,10.);
#420=VECTOR('',#1582,10.);
#421=VECTOR('',#1591,10.);
#422=VECTOR('',#1592,10.);
#423=VECTOR('',#1593,10.);
#424=VECTOR('',#1594,10.);
#425=VECTOR('',#1601,10.);
#426=VECTOR('',#1604,10.);
#427=VECTOR('',#1605,10.);
#428=VECTOR('',#1606,10.);
#429=VECTOR('',#1615,10.);
#430=VECTOR('',#1616,10.);
#431=VECTOR('',#1617,10.);
#432=VECTOR('',#1618,10.);
#433=VECTOR('',#1625,10.);
#434=VECTOR('',#1628,10.);
#435=VECTOR('',#1629,10.);
#436=VECTOR('',#1630,10.);
#437=VECTOR('',#1641,10.);
#438=VECTOR('',#1644,10.);
#439=VECTOR('',#1647,10.);
#440=VECTOR('',#1648,10.);
#441=VECTOR('',#1649,10.);
#442=VECTOR('',#1656,10.);
#443=VECTOR('',#1659,10.);
#444=VECTOR('',#1660,10.);
#445=VECTOR('',#1665,10.);
#446=VECTOR('',#1668,10.);
#447=VECTOR('',#1671,10.);
#448=VECTOR('',#1672,10.);
#449=VECTOR('',#1673,10.);
#450=VECTOR('',#1680,10.);
#451=VECTOR('',#1683,10.);
#452=VECTOR('',#1684,10.);
#453=VECTOR('',#1689,10.);
#454=VECTOR('',#1692,10.);
#455=VECTOR('',#1695,10.);
#456=VECTOR('',#1696,10.);
#457=VECTOR('',#1697,10.);
#458=VECTOR('',#1704,10.);
#459=VECTOR('',#1707,10.);
#460=VECTOR('',#1708,10.);
#461=VECTOR('',#1713,10.);
#462=VECTOR('',#1716,10.);
#463=VECTOR('',#1719,10.);
#464=VECTOR('',#1720,10.);
#465=VECTOR('',#1721,10.);
#466=VECTOR('',#1728,10.);
#467=VECTOR('',#1731,10.);
#468=VECTOR('',#1732,10.);
#469=VECTOR('',#1735,10.);
#470=VECTOR('',#1736,10.);
#471=VECTOR('',#1737,10.);
#472=VECTOR('',#1738,10.);
#473=VECTOR('',#1745,10.);
#474=VECTOR('',#1748,10.);
#475=VECTOR('',#1749,10.);
#476=VECTOR('',#1750,10.);
#477=VECTOR('',#1757,10.);
#478=VECTOR('',#1760,10.);
#479=VECTOR('',#1761,10.);
#480=VECTOR('',#1762,10.);
#481=VECTOR('',#1769,10.);
#482=VECTOR('',#1772,10.);
#483=VECTOR('',#1773,10.);
#484=VECTOR('',#1774,10.);
#485=CIRCLE('',#1306,4.25);
#486=CIRCLE('',#1307,4.25);
#487=CIRCLE('',#1309,4.25000000000001);
#488=CIRCLE('',#1310,4.25000000000001);
#489=CIRCLE('',#1312,4.25000000000001);
#490=CIRCLE('',#1313,4.25000000000001);
#491=CIRCLE('',#1315,4.25);
#492=CIRCLE('',#1316,4.25);
#493=CIRCLE('',#1318,4.);
#494=CIRCLE('',#1319,4.);
#495=CIRCLE('',#1324,4.);
#496=CIRCLE('',#1325,4.);
#497=CIRCLE('',#1330,4.);
#498=CIRCLE('',#1331,4.);
#499=CIRCLE('',#1337,4.);
#500=CIRCLE('',#1338,4.);
#501=CIRCLE('',#1343,5.);
#502=CIRCLE('',#1344,5.);
#503=CIRCLE('',#1347,5.);
#504=CIRCLE('',#1348,5.);
#505=CIRCLE('',#1351,5.);
#506=CIRCLE('',#1352,5.);
#507=CIRCLE('',#1355,5.);
#508=CIRCLE('',#1356,5.);
#509=CIRCLE('',#1359,5.);
#510=CIRCLE('',#1360,5.);
#511=CIRCLE('',#1363,5.);
#512=CIRCLE('',#1364,5.);
#513=CIRCLE('',#1367,5.);
#514=CIRCLE('',#1368,5.);
#515=CIRCLE('',#1371,5.);
#516=CIRCLE('',#1372,5.);
#517=CIRCLE('',#1374,27.5);
#518=CIRCLE('',#1375,27.5);
#519=CIRCLE('',#1378,12.5);
#520=CIRCLE('',#1379,12.5);
#521=CIRCLE('',#1382,27.5);
#522=CIRCLE('',#1383,27.5);
#523=CIRCLE('',#1386,12.5);
#524=CIRCLE('',#1387,12.5);
#525=CIRCLE('',#1390,27.5);
#526=CIRCLE('',#1391,27.5);
#527=CIRCLE('',#1394,12.5);
#528=CIRCLE('',#1395,12.5);
#529=CIRCLE('',#1398,27.5);
#530=CIRCLE('',#1399,27.5);
#531=CIRCLE('',#1402,12.5);
#532=CIRCLE('',#1403,12.5);
#533=CIRCLE('',#1407,35.);
#534=CIRCLE('',#1408,35.);
#535=CIRCLE('',#1411,35.);
#536=CIRCLE('',#1412,35.);
#537=CIRCLE('',#1415,35.);
#538=CIRCLE('',#1416,35.);
#539=CIRCLE('',#1419,35.);
#540=CIRCLE('',#1420,35.);
#541=VERTEX_POINT('',#1787);
#542=VERTEX_POINT('',#1789);
#543=VERTEX_POINT('',#1793);
#544=VERTEX_POINT('',#1795);
#545=VERTEX_POINT('',#1799);
#546=VERTEX_POINT('',#1801);
#547=VERTEX_POINT('',#1805);
#548=VERTEX_POINT('',#1807);
#549=VERTEX_POINT('',#1811);
#550=VERTEX_POINT('',#1812);
#551=VERTEX_POINT('',#1814);
#552=VERTEX_POINT('',#1816);
#553=VERTEX_POINT('',#1820);
#554=VERTEX_POINT('',#1822);
#555=VERTEX_POINT('',#1826);
#556=VERTEX_POINT('',#1828);
#557=VERTEX_POINT('',#1835);
#558=VERTEX_POINT('',#1836);
#559=VERTEX_POINT('',#1838);
#560=VERTEX_POINT('',#1840);
#561=VERTEX_POINT('',#1844);
#562=VERTEX_POINT('',#1846);
#563=VERTEX_POINT('',#1850);
#564=VERTEX_POINT('',#1852);
#565=VERTEX_POINT('',#1859);
#566=VERTEX_POINT('',#1860);
#567=VERTEX_POINT('',#1862);
#568=VERTEX_POINT('',#1864);
#569=VERTEX_POINT('',#1868);
#570=VERTEX_POINT('',#1870);
#571=VERTEX_POINT('',#1874);
#572=VERTEX_POINT('',#1876);
#573=VERTEX_POINT('',#1883);
#574=VERTEX_POINT('',#1884);
#575=VERTEX_POINT('',#1886);
#576=VERTEX_POINT('',#1888);
#577=VERTEX_POINT('',#1892);
#578=VERTEX_POINT('',#1894);
#579=VERTEX_POINT('',#1898);
#580=VERTEX_POINT('',#1900);
#581=VERTEX_POINT('',#1907);
#582=VERTEX_POINT('',#1908);
#583=VERTEX_POINT('',#1910);
#584=VERTEX_POINT('',#1912);
#585=VERTEX_POINT('',#1916);
#586=VERTEX_POINT('',#1918);
#587=VERTEX_POINT('',#1922);
#588=VERTEX_POINT('',#1924);
#589=VERTEX_POINT('',#1931);
#590=VERTEX_POINT('',#1932);
#591=VERTEX_POINT('',#1934);
#592=VERTEX_POINT('',#1936);
#593=VERTEX_POINT('',#1940);
#594=VERTEX_POINT('',#1942);
#595=VERTEX_POINT('',#1946);
#596=VERTEX_POINT('',#1948);
#597=VERTEX_POINT('',#1955);
#598=VERTEX_POINT('',#1956);
#599=VERTEX_POINT('',#1958);
#600=VERTEX_POINT('',#1960);
#601=VERTEX_POINT('',#1964);
#602=VERTEX_POINT('',#1966);
#603=VERTEX_POINT('',#1970);
#604=VERTEX_POINT('',#1972);
#605=VERTEX_POINT('',#1979);
#606=VERTEX_POINT('',#1980);
#607=VERTEX_POINT('',#1982);
#608=VERTEX_POINT('',#1984);
#609=VERTEX_POINT('',#1988);
#610=VERTEX_POINT('',#1990);
#611=VERTEX_POINT('',#1994);
#612=VERTEX_POINT('',#1996);
#613=VERTEX_POINT('',#2003);
#614=VERTEX_POINT('',#2004);
#615=VERTEX_POINT('',#2006);
#616=VERTEX_POINT('',#2008);
#617=VERTEX_POINT('',#2012);
#618=VERTEX_POINT('',#2014);
#619=VERTEX_POINT('',#2018);
#620=VERTEX_POINT('',#2020);
#621=VERTEX_POINT('',#2027);
#622=VERTEX_POINT('',#2028);
#623=VERTEX_POINT('',#2030);
#624=VERTEX_POINT('',#2032);
#625=VERTEX_POINT('',#2036);
#626=VERTEX_POINT('',#2038);
#627=VERTEX_POINT('',#2042);
#628=VERTEX_POINT('',#2044);
#629=VERTEX_POINT('',#2051);
#630=VERTEX_POINT('',#2052);
#631=VERTEX_POINT('',#2054);
#632=VERTEX_POINT('',#2056);
#633=VERTEX_POINT('',#2060);
#634=VERTEX_POINT('',#2062);
#635=VERTEX_POINT('',#2066);
#636=VERTEX_POINT('',#2068);
#637=VERTEX_POINT('',#2075);
#638=VERTEX_POINT('',#2076);
#639=VERTEX_POINT('',#2078);
#640=VERTEX_POINT('',#2080);
#641=VERTEX_POINT('',#2084);
#642=VERTEX_POINT('',#2086);
#643=VERTEX_POINT('',#2090);
#644=VERTEX_POINT('',#2092);
#645=VERTEX_POINT('',#2099);
#646=VERTEX_POINT('',#2100);
#647=VERTEX_POINT('',#2102);
#648=VERTEX_POINT('',#2104);
#649=VERTEX_POINT('',#2108);
#650=VERTEX_POINT('',#2110);
#651=VERTEX_POINT('',#2114);
#652=VERTEX_POINT('',#2116);
#653=VERTEX_POINT('',#2120);
#654=VERTEX_POINT('',#2122);
#655=VERTEX_POINT('',#2126);
#656=VERTEX_POINT('',#2128);
#657=VERTEX_POINT('',#2132);
#658=VERTEX_POINT('',#2134);
#659=VERTEX_POINT('',#2138);
#660=VERTEX_POINT('',#2140);
#661=EDGE_CURVE('',#541,#541,#485,.T.);
#662=EDGE_CURVE('',#541,#542,#237,.T.);
#663=EDGE_CURVE('',#542,#542,#486,.T.);
#664=EDGE_CURVE('',#543,#543,#487,.T.);
#665=EDGE_CURVE('',#543,#544,#238,.T.);
#666=EDGE_CURVE('',#544,#544,#488,.T.);
#667=EDGE_CURVE('',#545,#545,#489,.T.);
#668=EDGE_CURVE('',#545,#546,#239,.T.);
#669=EDGE_CURVE('',#546,#546,#490,.T.);
#670=EDGE_CURVE('',#547,#547,#491,.T.);
#671=EDGE_CURVE('',#547,#548,#240,.T.);
#672=EDGE_CURVE('',#548,#548,#492,.T.);
#673=EDGE_CURVE('',#549,#550,#493,.T.);
#674=EDGE_CURVE('',#549,#551,#241,.T.);
#675=EDGE_CURVE('',#552,#551,#494,.T.);
#676=EDGE_CURVE('',#550,#552,#242,.T.);
#677=EDGE_CURVE('',#553,#549,#243,.T.);
#678=EDGE_CURVE('',#553,#554,#244,.T.);
#679=EDGE_CURVE('',#551,#554,#245,.T.);
#680=EDGE_CURVE('',#555,#553,#246,.T.);
#681=EDGE_CURVE('',#555,#556,#247,.T.);
#682=EDGE_CURVE('',#554,#556,#248,.T.);
#683=EDGE_CURVE('',#550,#555,#249,.T.);
#684=EDGE_CURVE('',#556,#552,#250,.T.);
#685=EDGE_CURVE('',#557,#558,#495,.T.);
#686=EDGE_CURVE('',#557,#559,#251,.T.);
#687=EDGE_CURVE('',#560,#559,#496,.T.);
#688=EDGE_CURVE('',#558,#560,#252,.T.);
#689=EDGE_CURVE('',#561,#557,#253,.T.);
#690=EDGE_CURVE('',#561,#562,#254,.T.);
#691=EDGE_CURVE('',#559,#562,#255,.T.);
#692=EDGE_CURVE('',#563,#561,#256,.T.);
#693=EDGE_CURVE('',#563,#564,#257,.T.);
#694=EDGE_CURVE('',#562,#564,#258,.T.);
#695=EDGE_CURVE('',#558,#563,#259,.T.);
#696=EDGE_CURVE('',#564,#560,#260,.T.);
#697=EDGE_CURVE('',#565,#566,#497,.T.);
#698=EDGE_CURVE('',#565,#567,#261,.T.);
#699=EDGE_CURVE('',#568,#567,#498,.T.);
#700=EDGE_CURVE('',#566,#568,#262,.T.);
#701=EDGE_CURVE('',#569,#565,#263,.T.);
#702=EDGE_CURVE('',#569,#570,#264,.T.);
#703=EDGE_CURVE('',#567,#570,#265,.T.);
#704=EDGE_CURVE('',#571,#569,#266,.T.);
#705=EDGE_CURVE('',#571,#572,#267,.T.);
#706=EDGE_CURVE('',#570,#572,#268,.T.);
#707=EDGE_CURVE('',#566,#571,#269,.T.);
#708=EDGE_CURVE('',#572,#568,#270,.T.);
#709=EDGE_CURVE('',#573,#574,#271,.T.);
#710=EDGE_CURVE('',#573,#575,#272,.T.);
#711=EDGE_CURVE('',#576,#575,#273,.T.);
#712=EDGE_CURVE('',#574,#576,#274,.T.);
#713=EDGE_CURVE('',#577,#573,#499,.T.);
#714=EDGE_CURVE('',#577,#578,#275,.T.);
#715=EDGE_CURVE('',#575,#578,#500,.T.);
#716=EDGE_CURVE('',#579,#577,#276,.T.);
#717=EDGE_CURVE('',#579,#580,#277,.T.);
#718=EDGE_CURVE('',#578,#580,#278,.T.);
#719=EDGE_CURVE('',#574,#579,#279,.T.);
#720=EDGE_CURVE('',#580,#576,#280,.T.);
#721=EDGE_CURVE('',#581,#582,#281,.T.);
#722=EDGE_CURVE('',#583,#581,#282,.T.);
#723=EDGE_CURVE('',#584,#583,#283,.T.);
#724=EDGE_CURVE('',#584,#582,#284,.T.);
#725=EDGE_CURVE('',#582,#585,#501,.T.);
#726=EDGE_CURVE('',#586,#584,#502,.T.);
#727=EDGE_CURVE('',#586,#585,#285,.T.);
#728=EDGE_CURVE('',#585,#587,#286,.T.);
#729=EDGE_CURVE('',#588,#586,#287,.T.);
#730=EDGE_CURVE('',#588,#587,#288,.T.);
#731=EDGE_CURVE('',#587,#581,#503,.T.);
#732=EDGE_CURVE('',#583,#588,#504,.T.);
#733=EDGE_CURVE('',#589,#590,#289,.T.);
#734=EDGE_CURVE('',#591,#589,#290,.T.);
#735=EDGE_CURVE('',#592,#591,#291,.T.);
#736=EDGE_CURVE('',#592,#590,#292,.T.);
#737=EDGE_CURVE('',#590,#593,#505,.T.);
#738=EDGE_CURVE('',#594,#592,#506,.T.);
#739=EDGE_CURVE('',#594,#593,#293,.T.);
#740=EDGE_CURVE('',#593,#595,#294,.T.);
#741=EDGE_CURVE('',#596,#594,#295,.T.);
#742=EDGE_CURVE('',#596,#595,#296,.T.);
#743=EDGE_CURVE('',#595,#589,#507,.T.);
#744=EDGE_CURVE('',#591,#596,#508,.T.);
#745=EDGE_CURVE('',#597,#598,#297,.T.);
#746=EDGE_CURVE('',#599,#597,#298,.T.);
#747=EDGE_CURVE('',#600,#599,#299,.T.);
#748=EDGE_CURVE('',#600,#598,#300,.T.);
#749=EDGE_CURVE('',#598,#601,#509,.T.);
#750=EDGE_CURVE('',#602,#600,#510,.T.);
#751=EDGE_CURVE('',#602,#601,#301,.T.);
#752=EDGE_CURVE('',#601,#603,#302,.T.);
#753=EDGE_CURVE('',#604,#602,#303,.T.);
#754=EDGE_CURVE('',#604,#603,#304,.T.);
#755=EDGE_CURVE('',#603,#597,#511,.T.);
#756=EDGE_CURVE('',#599,#604,#512,.T.);
#757=EDGE_CURVE('',#605,#606,#305,.T.);
#758=EDGE_CURVE('',#607,#605,#306,.T.);
#759=EDGE_CURVE('',#608,#607,#307,.T.);
#760=EDGE_CURVE('',#608,#606,#308,.T.);
#761=EDGE_CURVE('',#606,#609,#513,.T.);
#762=EDGE_CURVE('',#610,#608,#514,.T.);
#763=EDGE_CURVE('',#610,#609,#309,.T.);
#764=EDGE_CURVE('',#609,#611,#310,.T.);
#765=EDGE_CURVE('',#612,#610,#311,.T.);
#766=EDGE_CURVE('',#612,#611,#312,.T.);
#767=EDGE_CURVE('',#611,#605,#515,.T.);
#768=EDGE_CURVE('',#607,#612,#516,.T.);
#769=EDGE_CURVE('',#613,#614,#517,.T.);
#770=EDGE_CURVE('',#614,#615,#313,.T.);
#771=EDGE_CURVE('',#616,#615,#518,.T.);
#772=EDGE_CURVE('',#613,#616,#314,.T.);
#773=EDGE_CURVE('',#617,#613,#315,.T.);
#774=EDGE_CURVE('',#618,#616,#316,.T.);
#775=EDGE_CURVE('',#617,#618,#317,.T.);
#776=EDGE_CURVE('',#619,#617,#519,.T.);
#777=EDGE_CURVE('',#620,#618,#520,.T.);
#778=EDGE_CURVE('',#619,#620,#318,.T.);
#779=EDGE_CURVE('',#614,#619,#319,.T.);
#780=EDGE_CURVE('',#615,#620,#320,.T.);
#781=EDGE_CURVE('',#621,#622,#521,.T.);
#782=EDGE_CURVE('',#622,#623,#321,.T.);
#783=EDGE_CURVE('',#624,#623,#522,.T.);
#784=EDGE_CURVE('',#621,#624,#322,.T.);
#785=EDGE_CURVE('',#625,#621,#323,.T.);
#786=EDGE_CURVE('',#626,#624,#324,.T.);
#787=EDGE_CURVE('',#625,#626,#325,.T.);
#788=EDGE_CURVE('',#627,#625,#523,.T.);
#789=EDGE_CURVE('',#628,#626,#524,.T.);
#790=EDGE_CURVE('',#627,#628,#326,.T.);
#791=EDGE_CURVE('',#622,#627,#327,.T.);
#792=EDGE_CURVE('',#623,#628,#328,.T.);
#793=EDGE_CURVE('',#629,#630,#525,.T.);
#794=EDGE_CURVE('',#630,#631,#329,.T.);
#795=EDGE_CURVE('',#632,#631,#526,.T.);
#796=EDGE_CURVE('',#629,#632,#330,.T.);
#797=EDGE_CURVE('',#633,#629,#331,.T.);
#798=EDGE_CURVE('',#634,#632,#332,.T.);
#799=EDGE_CURVE('',#633,#634,#333,.T.);
#800=EDGE_CURVE('',#635,#633,#527,.T.);
#801=EDGE_CURVE('',#636,#634,#528,.T.);
#802=EDGE_CURVE('',#635,#636,#334,.T.);
#803=EDGE_CURVE('',#630,#635,#335,.T.);
#804=EDGE_CURVE('',#631,#636,#336,.T.);
#805=EDGE_CURVE('',#637,#638,#529,.T.);
#806=EDGE_CURVE('',#638,#639,#337,.T.);
#807=EDGE_CURVE('',#640,#639,#530,.T.);
#808=EDGE_CURVE('',#637,#640,#338,.T.);
#809=EDGE_CURVE('',#641,#637,#339,.T.);
#810=EDGE_CURVE('',#642,#640,#340,.T.);
#811=EDGE_CURVE('',#641,#642,#341,.T.);
#812=EDGE_CURVE('',#643,#641,#531,.T.);
#813=EDGE_CURVE('',#644,#642,#532,.T.);
#814=EDGE_CURVE('',#643,#644,#342,.T.);
#815=EDGE_CURVE('',#638,#643,#343,.T.);
#816=EDGE_CURVE('',#639,#644,#344,.T.);
#817=EDGE_CURVE('',#645,#646,#345,.T.);
#818=EDGE_CURVE('',#646,#647,#346,.T.);
#819=EDGE_CURVE('',#648,#647,#347,.T.);
#820=EDGE_CURVE('',#645,#648,#348,.T.);
#821=EDGE_CURVE('',#649,#645,#533,.T.);
#822=EDGE_CURVE('',#650,#648,#534,.T.);
#823=EDGE_CURVE('',#649,#650,#349,.T.);
#824=EDGE_CURVE('',#651,#649,#350,.T.);
#825=EDGE_CURVE('',#652,#650,#351,.T.);
#826=EDGE_CURVE('',#651,#652,#352,.T.);
#827=EDGE_CURVE('',#653,#651,#535,.T.);
#828=EDGE_CURVE('',#654,#652,#536,.T.);
#829=EDGE_CURVE('',#653,#654,#353,.T.);
#830=EDGE_CURVE('',#655,#653,#354,.T.);
#831=EDGE_CURVE('',#656,#654,#355,.T.);
#832=EDGE_CURVE('',#655,#656,#356,.T.);
#833=EDGE_CURVE('',#657,#655,#537,.T.);
#834=EDGE_CURVE('',#658,#656,#538,.T.);
#835=EDGE_CURVE('',#657,#658,#357,.T.);
#836=EDGE_CURVE('',#659,#657,#358,.T.);
#837=EDGE_CURVE('',#660,#658,#359,.T.);
#838=EDGE_CURVE('',#659,#660,#360,.T.);
#839=EDGE_CURVE('',#646,#659,#539,.T.);
#840=EDGE_CURVE('',#647,#660,#540,.T.);
#841=ORIENTED_EDGE('',*,*,#661,.F.);
#842=ORIENTED_EDGE('',*,*,#662,.T.);
#843=ORIENTED_EDGE('',*,*,#663,.F.);
#844=ORIENTED_EDGE('',*,*,#662,.F.);
#845=ORIENTED_EDGE('',*,*,#664,.F.);
#846=ORIENTED_EDGE('',*,*,#665,.T.);
#847=ORIENTED_EDGE('',*,*,#666,.F.);
#848=ORIENTED_EDGE('',*,*,#665,.F.);
#849=ORIENTED_EDGE('',*,*,#667,.F.);
#850=ORIENTED_EDGE('',*,*,#668,.T.);
#851=ORIENTED_EDGE('',*,*,#669,.F.);
#852=ORIENTED_EDGE('',*,*,#668,.F.);
#853=ORIENTED_EDGE('',*,*,#670,.F.);
#854=ORIENTED_EDGE('',*,*,#671,.T.);
#855=ORIENTED_EDGE('',*,*,#672,.F.);
#856=ORIENTED_EDGE('',*,*,#671,.F.);
#857=ORIENTED_EDGE('',*,*,#673,.F.);
#858=ORIENTED_EDGE('',*,*,#674,.T.);
#859=ORIENTED_EDGE('',*,*,#675,.F.);
#860=ORIENTED_EDGE('',*,*,#676,.F.);
#861=ORIENTED_EDGE('',*,*,#677,.F.);
#862=ORIENTED_EDGE('',*,*,#678,.T.);
#863=ORIENTED_EDGE('',*,*,#679,.F.);
#864=ORIENTED_EDGE('',*,*,#674,.F.);
#865=ORIENTED_EDGE('',*,*,#680,.F.);
#866=ORIENTED_EDGE('',*,*,#681,.T.);
#867=ORIENTED_EDGE('',*,*,#682,.F.);
#868=ORIENTED_EDGE('',*,*,#678,.F.);
#869=ORIENTED_EDGE('',*,*,#683,.F.);
#870=ORIENTED_EDGE('',*,*,#676,.T.);
#871=ORIENTED_EDGE('',*,*,#684,.F.);
#872=ORIENTED_EDGE('',*,*,#681,.F.);
#873=ORIENTED_EDGE('',*,*,#685,.F.);
#874=ORIENTED_EDGE('',*,*,#686,.T.);
#875=ORIENTED_EDGE('',*,*,#687,.F.);
#876=ORIENTED_EDGE('',*,*,#688,.F.);
#877=ORIENTED_EDGE('',*,*,#689,.F.);
#878=ORIENTED_EDGE('',*,*,#690,.T.);
#879=ORIENTED_EDGE('',*,*,#691,.F.);
#880=ORIENTED_EDGE('',*,*,#686,.F.);
#881=ORIENTED_EDGE('',*,*,#692,.F.);
#882=ORIENTED_EDGE('',*,*,#693,.T.);
#883=ORIENTED_EDGE('',*,*,#694,.F.);
#884=ORIENTED_EDGE('',*,*,#690,.F.);
#885=ORIENTED_EDGE('',*,*,#695,.F.);
#886=ORIENTED_EDGE('',*,*,#688,.T.);
#887=ORIENTED_EDGE('',*,*,#696,.F.);
#888=ORIENTED_EDGE('',*,*,#693,.F.);
#889=ORIENTED_EDGE('',*,*,#697,.F.);
#890=ORIENTED_EDGE('',*,*,#698,.T.);
#891=ORIENTED_EDGE('',*,*,#699,.F.);
#892=ORIENTED_EDGE('',*,*,#700,.F.);
#893=ORIENTED_EDGE('',*,*,#701,.F.);
#894=ORIENTED_EDGE('',*,*,#702,.T.);
#895=ORIENTED_EDGE('',*,*,#703,.F.);
#896=ORIENTED_EDGE('',*,*,#698,.F.);
#897=ORIENTED_EDGE('',*,*,#704,.F.);
#898=ORIENTED_EDGE('',*,*,#705,.T.);
#899=ORIENTED_EDGE('',*,*,#706,.F.);
#900=ORIENTED_EDGE('',*,*,#702,.F.);
#901=ORIENTED_EDGE('',*,*,#707,.F.);
#902=ORIENTED_EDGE('',*,*,#700,.T.);
#903=ORIENTED_EDGE('',*,*,#708,.F.);
#904=ORIENTED_EDGE('',*,*,#705,.F.);
#905=ORIENTED_EDGE('',*,*,#709,.F.);
#906=ORIENTED_EDGE('',*,*,#710,.T.);
#907=ORIENTED_EDGE('',*,*,#711,.F.);
#908=ORIENTED_EDGE('',*,*,#712,.F.);
#909=ORIENTED_EDGE('',*,*,#713,.F.);
#910=ORIENTED_EDGE('',*,*,#714,.T.);
#911=ORIENTED_EDGE('',*,*,#715,.F.);
#912=ORIENTED_EDGE('',*,*,#710,.F.);
#913=ORIENTED_EDGE('',*,*,#716,.F.);
#914=ORIENTED_EDGE('',*,*,#717,.T.);
#915=ORIENTED_EDGE('',*,*,#718,.F.);
#916=ORIENTED_EDGE('',*,*,#714,.F.);
#917=ORIENTED_EDGE('',*,*,#719,.F.);
#918=ORIENTED_EDGE('',*,*,#712,.T.);
#919=ORIENTED_EDGE('',*,*,#720,.F.);
#920=ORIENTED_EDGE('',*,*,#717,.F.);
#921=ORIENTED_EDGE('',*,*,#721,.F.);
#922=ORIENTED_EDGE('',*,*,#722,.F.);
#923=ORIENTED_EDGE('',*,*,#723,.F.);
#924=ORIENTED_EDGE('',*,*,#724,.T.);
#925=ORIENTED_EDGE('',*,*,#725,.F.);
#926=ORIENTED_EDGE('',*,*,#724,.F.);
#927=ORIENTED_EDGE('',*,*,#726,.F.);
#928=ORIENTED_EDGE('',*,*,#727,.T.);
#929=ORIENTED_EDGE('',*,*,#728,.F.);
#930=ORIENTED_EDGE('',*,*,#727,.F.);
#931=ORIENTED_EDGE('',*,*,#729,.F.);
#932=ORIENTED_EDGE('',*,*,#730,.T.);
#933=ORIENTED_EDGE('',*,*,#731,.F.);
#934=ORIENTED_EDGE('',*,*,#730,.F.);
#935=ORIENTED_EDGE('',*,*,#732,.F.);
#936=ORIENTED_EDGE('',*,*,#722,.T.);
#937=ORIENTED_EDGE('',*,*,#733,.F.);
#938=ORIENTED_EDGE('',*,*,#734,.F.);
#939=ORIENTED_EDGE('',*,*,#735,.F.);
#940=ORIENTED_EDGE('',*,*,#736,.T.);
#941=ORIENTED_EDGE('',*,*,#737,.F.);
#942=ORIENTED_EDGE('',*,*,#736,.F.);
#943=ORIENTED_EDGE('',*,*,#738,.F.);
#944=ORIENTED_EDGE('',*,*,#739,.T.);
#945=ORIENTED_EDGE('',*,*,#740,.F.);
#946=ORIENTED_EDGE('',*,*,#739,.F.);
#947=ORIENTED_EDGE('',*,*,#741,.F.);
#948=ORIENTED_EDGE('',*,*,#742,.T.);
#949=ORIENTED_EDGE('',*,*,#743,.F.);
#950=ORIENTED_EDGE('',*,*,#742,.F.);
#951=ORIENTED_EDGE('',*,*,#744,.F.);
#952=ORIENTED_EDGE('',*,*,#734,.T.);
#953=ORIENTED_EDGE('',*,*,#745,.F.);
#954=ORIENTED_EDGE('',*,*,#746,.F.);
#955=ORIENTED_EDGE('',*,*,#747,.F.);
#956=ORIENTED_EDGE('',*,*,#748,.T.);
#957=ORIENTED_EDGE('',*,*,#749,.F.);
#958=ORIENTED_EDGE('',*,*,#748,.F.);
#959=ORIENTED_EDGE('',*,*,#750,.F.);
#960=ORIENTED_EDGE('',*,*,#751,.T.);
#961=ORIENTED_EDGE('',*,*,#752,.F.);
#962=ORIENTED_EDGE('',*,*,#751,.F.);
#963=ORIENTED_EDGE('',*,*,#753,.F.);
#964=ORIENTED_EDGE('',*,*,#754,.T.);
#965=ORIENTED_EDGE('',*,*,#755,.F.);
#966=ORIENTED_EDGE('',*,*,#754,.F.);
#967=ORIENTED_EDGE('',*,*,#756,.F.);
#968=ORIENTED_EDGE('',*,*,#746,.T.);
#969=ORIENTED_EDGE('',*,*,#757,.F.);
#970=ORIENTED_EDGE('',*,*,#758,.F.);
#971=ORIENTED_EDGE('',*,*,#759,.F.);
#972=ORIENTED_EDGE('',*,*,#760,.T.);
#973=ORIENTED_EDGE('',*,*,#761,.F.);
#974=ORIENTED_EDGE('',*,*,#760,.F.);
#975=ORIENTED_EDGE('',*,*,#762,.F.);
#976=ORIENTED_EDGE('',*,*,#763,.T.);
#977=ORIENTED_EDGE('',*,*,#764,.F.);
#978=ORIENTED_EDGE('',*,*,#763,.F.);
#979=ORIENTED_EDGE('',*,*,#765,.F.);
#980=ORIENTED_EDGE('',*,*,#766,.T.);
#981=ORIENTED_EDGE('',*,*,#767,.F.);
#982=ORIENTED_EDGE('',*,*,#766,.F.);
#983=ORIENTED_EDGE('',*,*,#768,.F.);
#984=ORIENTED_EDGE('',*,*,#758,.T.);
#985=ORIENTED_EDGE('',*,*,#769,.T.);
#986=ORIENTED_EDGE('',*,*,#770,.T.);
#987=ORIENTED_EDGE('',*,*,#771,.F.);
#988=ORIENTED_EDGE('',*,*,#772,.F.);
#989=ORIENTED_EDGE('',*,*,#773,.T.);
#990=ORIENTED_EDGE('',*,*,#772,.T.);
#991=ORIENTED_EDGE('',*,*,#774,.F.);
#992=ORIENTED_EDGE('',*,*,#775,.F.);
#993=ORIENTED_EDGE('',*,*,#776,.T.);
#994=ORIENTED_EDGE('',*,*,#775,.T.);
#995=ORIENTED_EDGE('',*,*,#777,.F.);
#996=ORIENTED_EDGE('',*,*,#778,.F.);
#997=ORIENTED_EDGE('',*,*,#779,.T.);
#998=ORIENTED_EDGE('',*,*,#778,.T.);
#999=ORIENTED_EDGE('',*,*,#780,.F.);
#1000=ORIENTED_EDGE('',*,*,#770,.F.);
#1001=ORIENTED_EDGE('',*,*,#781,.T.);
#1002=ORIENTED_EDGE('',*,*,#782,.T.);
#1003=ORIENTED_EDGE('',*,*,#783,.F.);
#1004=ORIENTED_EDGE('',*,*,#784,.F.);
#1005=ORIENTED_EDGE('',*,*,#785,.T.);
#1006=ORIENTED_EDGE('',*,*,#784,.T.);
#1007=ORIENTED_EDGE('',*,*,#786,.F.);
#1008=ORIENTED_EDGE('',*,*,#787,.F.);
#1009=ORIENTED_EDGE('',*,*,#788,.T.);
#1010=ORIENTED_EDGE('',*,*,#787,.T.);
#1011=ORIENTED_EDGE('',*,*,#789,.F.);
#1012=ORIENTED_EDGE('',*,*,#790,.F.);
#1013=ORIENTED_EDGE('',*,*,#791,.T.);
#1014=ORIENTED_EDGE('',*,*,#790,.T.);
#1015=ORIENTED_EDGE('',*,*,#792,.F.);
#1016=ORIENTED_EDGE('',*,*,#782,.F.);
#1017=ORIENTED_EDGE('',*,*,#793,.T.);
#1018=ORIENTED_EDGE('',*,*,#794,.T.);
#1019=ORIENTED_EDGE('',*,*,#795,.F.);
#1020=ORIENTED_EDGE('',*,*,#796,.F.);
#1021=ORIENTED_EDGE('',*,*,#797,.T.);
#1022=ORIENTED_EDGE('',*,*,#796,.T.);
#1023=ORIENTED_EDGE('',*,*,#798,.F.);
#1024=ORIENTED_EDGE('',*,*,#799,.F.);
#1025=ORIENTED_EDGE('',*,*,#800,.T.);
#1026=ORIENTED_EDGE('',*,*,#799,.T.);
#1027=ORIENTED_EDGE('',*,*,#801,.F.);
#1028=ORIENTED_EDGE('',*,*,#802,.F.);
#1029=ORIENTED_EDGE('',*,*,#803,.T.);
#1030=ORIENTED_EDGE('',*,*,#802,.T.);
#1031=ORIENTED_EDGE('',*,*,#804,.F.);
#1032=ORIENTED_EDGE('',*,*,#794,.F.);
#1033=ORIENTED_EDGE('',*,*,#805,.T.);
#1034=ORIENTED_EDGE('',*,*,#806,.T.);
#1035=ORIENTED_EDGE('',*,*,#807,.F.);
#1036=ORIENTED_EDGE('',*,*,#808,.F.);
#1037=ORIENTED_EDGE('',*,*,#809,.T.);
#1038=ORIENTED_EDGE('',*,*,#808,.T.);
#1039=ORIENTED_EDGE('',*,*,#810,.F.);
#1040=ORIENTED_EDGE('',*,*,#811,.F.);
#1041=ORIENTED_EDGE('',*,*,#812,.T.);
#1042=ORIENTED_EDGE('',*,*,#811,.T.);
#1043=ORIENTED_EDGE('',*,*,#813,.F.);
#1044=ORIENTED_EDGE('',*,*,#814,.F.);
#1045=ORIENTED_EDGE('',*,*,#815,.T.);
#1046=ORIENTED_EDGE('',*,*,#814,.T.);
#1047=ORIENTED_EDGE('',*,*,#816,.F.);
#1048=ORIENTED_EDGE('',*,*,#806,.F.);
#1049=ORIENTED_EDGE('',*,*,#817,.T.);
#1050=ORIENTED_EDGE('',*,*,#818,.T.);
#1051=ORIENTED_EDGE('',*,*,#819,.F.);
#1052=ORIENTED_EDGE('',*,*,#820,.F.);
#1053=ORIENTED_EDGE('',*,*,#821,.T.);
#1054=ORIENTED_EDGE('',*,*,#820,.T.);
#1055=ORIENTED_EDGE('',*,*,#822,.F.);
#1056=ORIENTED_EDGE('',*,*,#823,.F.);
#1057=ORIENTED_EDGE('',*,*,#824,.T.);
#1058=ORIENTED_EDGE('',*,*,#823,.T.);
#1059=ORIENTED_EDGE('',*,*,#825,.F.);
#1060=ORIENTED_EDGE('',*,*,#826,.F.);
#1061=ORIENTED_EDGE('',*,*,#827,.T.);
#1062=ORIENTED_EDGE('',*,*,#826,.T.);
#1063=ORIENTED_EDGE('',*,*,#828,.F.);
#1064=ORIENTED_EDGE('',*,*,#829,.F.);
#1065=ORIENTED_EDGE('',*,*,#830,.T.);
#1066=ORIENTED_EDGE('',*,*,#829,.T.);
#1067=ORIENTED_EDGE('',*,*,#831,.F.);
#1068=ORIENTED_EDGE('',*,*,#832,.F.);
#1069=ORIENTED_EDGE('',*,*,#833,.T.);
#1070=ORIENTED_EDGE('',*,*,#832,.T.);
#1071=ORIENTED_EDGE('',*,*,#834,.F.);
#1072=ORIENTED_EDGE('',*,*,#835,.F.);
#1073=ORIENTED_EDGE('',*,*,#836,.T.);
#1074=ORIENTED_EDGE('',*,*,#835,.T.);
#1075=ORIENTED_EDGE('',*,*,#837,.F.);
#1076=ORIENTED_EDGE('',*,*,#838,.F.);
#1077=ORIENTED_EDGE('',*,*,#839,.T.);
#1078=ORIENTED_EDGE('',*,*,#838,.T.);
#1079=ORIENTED_EDGE('',*,*,#840,.F.);
#1080=ORIENTED_EDGE('',*,*,#818,.F.);
#1081=ORIENTED_EDGE('',*,*,#840,.T.);
#1082=ORIENTED_EDGE('',*,*,#837,.T.);
#1083=ORIENTED_EDGE('',*,*,#834,.T.);
#1084=ORIENTED_EDGE('',*,*,#831,.T.);
#1085=ORIENTED_EDGE('',*,*,#828,.T.);
#1086=ORIENTED_EDGE('',*,*,#825,.T.);
#1087=ORIENTED_EDGE('',*,*,#822,.T.);
#1088=ORIENTED_EDGE('',*,*,#819,.T.);
#1089=ORIENTED_EDGE('',*,*,#728,.T.);
#1090=ORIENTED_EDGE('',*,*,#731,.T.);
#1091=ORIENTED_EDGE('',*,*,#721,.T.);
#1092=ORIENTED_EDGE('',*,*,#725,.T.);
#1093=ORIENTED_EDGE('',*,*,#740,.T.);
#1094=ORIENTED_EDGE('',*,*,#743,.T.);
#1095=ORIENTED_EDGE('',*,*,#733,.T.);
#1096=ORIENTED_EDGE('',*,*,#737,.T.);
#1097=ORIENTED_EDGE('',*,*,#752,.T.);
#1098=ORIENTED_EDGE('',*,*,#755,.T.);
#1099=ORIENTED_EDGE('',*,*,#745,.T.);
#1100=ORIENTED_EDGE('',*,*,#749,.T.);
#1101=ORIENTED_EDGE('',*,*,#764,.T.);
#1102=ORIENTED_EDGE('',*,*,#767,.T.);
#1103=ORIENTED_EDGE('',*,*,#757,.T.);
#1104=ORIENTED_EDGE('',*,*,#761,.T.);
#1105=ORIENTED_EDGE('',*,*,#816,.T.);
#1106=ORIENTED_EDGE('',*,*,#813,.T.);
#1107=ORIENTED_EDGE('',*,*,#810,.T.);
#1108=ORIENTED_EDGE('',*,*,#807,.T.);
#1109=ORIENTED_EDGE('',*,*,#804,.T.);
#1110=ORIENTED_EDGE('',*,*,#801,.T.);
#1111=ORIENTED_EDGE('',*,*,#798,.T.);
#1112=ORIENTED_EDGE('',*,*,#795,.T.);
#1113=ORIENTED_EDGE('',*,*,#792,.T.);
#1114=ORIENTED_EDGE('',*,*,#789,.T.);
#1115=ORIENTED_EDGE('',*,*,#786,.T.);
#1116=ORIENTED_EDGE('',*,*,#783,.T.);
#1117=ORIENTED_EDGE('',*,*,#780,.T.);
#1118=ORIENTED_EDGE('',*,*,#777,.T.);
#1119=ORIENTED_EDGE('',*,*,#774,.T.);
#1120=ORIENTED_EDGE('',*,*,#771,.T.);
#1121=ORIENTED_EDGE('',*,*,#711,.T.);
#1122=ORIENTED_EDGE('',*,*,#715,.T.);
#1123=ORIENTED_EDGE('',*,*,#718,.T.);
#1124=ORIENTED_EDGE('',*,*,#720,.T.);
#1125=ORIENTED_EDGE('',*,*,#699,.T.);
#1126=ORIENTED_EDGE('',*,*,#703,.T.);
#1127=ORIENTED_EDGE('',*,*,#706,.T.);
#1128=ORIENTED_EDGE('',*,*,#708,.T.);
#1129=ORIENTED_EDGE('',*,*,#687,.T.);
#1130=ORIENTED_EDGE('',*,*,#691,.T.);
#1131=ORIENTED_EDGE('',*,*,#694,.T.);
#1132=ORIENTED_EDGE('',*,*,#696,.T.);
#1133=ORIENTED_EDGE('',*,*,#675,.T.);
#1134=ORIENTED_EDGE('',*,*,#679,.T.);
#1135=ORIENTED_EDGE('',*,*,#682,.T.);
#1136=ORIENTED_EDGE('',*,*,#684,.T.);
#1137=ORIENTED_EDGE('',*,*,#672,.T.);
#1138=ORIENTED_EDGE('',*,*,#669,.T.);
#1139=ORIENTED_EDGE('',*,*,#666,.T.);
#1140=ORIENTED_EDGE('',*,*,#663,.T.);
#1141=ORIENTED_EDGE('',*,*,#839,.F.);
#1142=ORIENTED_EDGE('',*,*,#817,.F.);
#1143=ORIENTED_EDGE('',*,*,#821,.F.);
#1144=ORIENTED_EDGE('',*,*,#824,.F.);
#1145=ORIENTED_EDGE('',*,*,#827,.F.);
#1146=ORIENTED_EDGE('',*,*,#830,.F.);
#1147=ORIENTED_EDGE('',*,*,#833,.F.);
#1148=ORIENTED_EDGE('',*,*,#836,.F.);
#1149=ORIENTED_EDGE('',*,*,#729,.T.);
#1150=ORIENTED_EDGE('',*,*,#726,.T.);
#1151=ORIENTED_EDGE('',*,*,#723,.T.);
#1152=ORIENTED_EDGE('',*,*,#732,.T.);
#1153=ORIENTED_EDGE('',*,*,#741,.T.);
#1154=ORIENTED_EDGE('',*,*,#738,.T.);
#1155=ORIENTED_EDGE('',*,*,#735,.T.);
#1156=ORIENTED_EDGE('',*,*,#744,.T.);
#1157=ORIENTED_EDGE('',*,*,#753,.T.);
#1158=ORIENTED_EDGE('',*,*,#750,.T.);
#1159=ORIENTED_EDGE('',*,*,#747,.T.);
#1160=ORIENTED_EDGE('',*,*,#756,.T.);
#1161=ORIENTED_EDGE('',*,*,#765,.T.);
#1162=ORIENTED_EDGE('',*,*,#762,.T.);
#1163=ORIENTED_EDGE('',*,*,#759,.T.);
#1164=ORIENTED_EDGE('',*,*,#768,.T.);
#1165=ORIENTED_EDGE('',*,*,#815,.F.);
#1166=ORIENTED_EDGE('',*,*,#805,.F.);
#1167=ORIENTED_EDGE('',*,*,#809,.F.);
#1168=ORIENTED_EDGE('',*,*,#812,.F.);
#1169=ORIENTED_EDGE('',*,*,#803,.F.);
#1170=ORIENTED_EDGE('',*,*,#793,.F.);
#1171=ORIENTED_EDGE('',*,*,#797,.F.);
#1172=ORIENTED_EDGE('',*,*,#800,.F.);
#1173=ORIENTED_EDGE('',*,*,#791,.F.);
#1174=ORIENTED_EDGE('',*,*,#781,.F.);
#1175=ORIENTED_EDGE('',*,*,#785,.F.);
#1176=ORIENTED_EDGE('',*,*,#788,.F.);
#1177=ORIENTED_EDGE('',*,*,#779,.F.);
#1178=ORIENTED_EDGE('',*,*,#769,.F.);
#1179=ORIENTED_EDGE('',*,*,#773,.F.);
#1180=ORIENTED_EDGE('',*,*,#776,.F.);
#1181=ORIENTED_EDGE('',*,*,#709,.T.);
#1182=ORIENTED_EDGE('',*,*,#719,.T.);
#1183=ORIENTED_EDGE('',*,*,#716,.T.);
#1184=ORIENTED_EDGE('',*,*,#713,.T.);
#1185=ORIENTED_EDGE('',*,*,#697,.T.);
#1186=ORIENTED_EDGE('',*,*,#707,.T.);
#1187=ORIENTED_EDGE('',*,*,#704,.T.);
#1188=ORIENTED_EDGE('',*,*,#701,.T.);
#1189=ORIENTED_EDGE('',*,*,#685,.T.);
#1190=ORIENTED_EDGE('',*,*,#695,.T.);
#1191=ORIENTED_EDGE('',*,*,#692,.T.);
#1192=ORIENTED_EDGE('',*,*,#689,.T.);
#1193=ORIENTED_EDGE('',*,*,#673,.T.);
#1194=ORIENTED_EDGE('',*,*,#683,.T.);
#1195=ORIENTED_EDGE('',*,*,#680,.T.);
#1196=ORIENTED_EDGE('',*,*,#677,.T.);
#1197=ORIENTED_EDGE('',*,*,#670,.T.);
#1198=ORIENTED_EDGE('',*,*,#667,.T.);
#1199=ORIENTED_EDGE('',*,*,#664,.T.);
#1200=ORIENTED_EDGE('',*,*,#661,.T.);
#1201=CYLINDRICAL_SURFACE('',#1305,4.25);
#1202=CYLINDRICAL_SURFACE('',#1308,4.25000000000001);
#1203=CYLINDRICAL_SURFACE('',#1311,4.25000000000001);
#1204=CYLINDRICAL_SURFACE('',#1314,4.25);
#1205=CYLINDRICAL_SURFACE('',#1317,4.);
#1206=CYLINDRICAL_SURFACE('',#1323,4.);
#1207=CYLINDRICAL_SURFACE('',#1329,4.);
#1208=CYLINDRICAL_SURFACE('',#1336,4.);
#1209=CYLINDRICAL_SURFACE('',#1342,5.);
#1210=CYLINDRICAL_SURFACE('',#1346,5.);
#1211=CYLINDRICAL_SURFACE('',#1350,5.);
#1212=CYLINDRICAL_SURFACE('',#1354,5.);
#1213=CYLINDRICAL_SURFACE('',#1358,5.);
#1214=CYLINDRICAL_SURFACE('',#1362,5.);
#1215=CYLINDRICAL_SURFACE('',#1366,5.);
#1216=CYLINDRICAL_SURFACE('',#1370,5.);
#1217=CYLINDRICAL_SURFACE('',#1373,27.5);
#1218=CYLINDRICAL_SURFACE('',#1377,12.5);
#1219=CYLINDRICAL_SURFACE('',#1381,27.5);
#1220=CYLINDRICAL_SURFACE('',#1385,12.5);
#1221=CYLINDRICAL_SURFACE('',#1389,27.5);
#1222=CYLINDRICAL_SURFACE('',#1393,12.5);
#1223=CYLINDRICAL_SURFACE('',#1397,27.5);
#1224=CYLINDRICAL_SURFACE('',#1401,12.5);
#1225=CYLINDRICAL_SURFACE('',#1406,35.);
#1226=CYLINDRICAL_SURFACE('',#1410,35.);
#1227=CYLINDRICAL_SURFACE('',#1414,35.);
#1228=CYLINDRICAL_SURFACE('',#1418,35.);
#1229=ADVANCED_FACE('',(#81),#1201,.F.);
#1230=ADVANCED_FACE('',(#82),#1202,.F.);
#1231=ADVANCED_FACE('',(#83),#1203,.F.);
#1232=ADVANCED_FACE('',(#84),#1204,.F.);
#1233=ADVANCED_FACE('',(#85),#1205,.F.);
#1234=ADVANCED_FACE('',(#86),#47,.F.);
#1235=ADVANCED_FACE('',(#87),#48,.F.);
#1236=ADVANCED_FACE('',(#88),#49,.F.);
#1237=ADVANCED_FACE('',(#89),#1206,.F.);
#1238=ADVANCED_FACE('',(#90),#50,.F.);
#1239=ADVANCED_FACE('',(#91),#51,.F.);
#1240=ADVANCED_FACE('',(#92),#52,.F.);
#1241=ADVANCED_FACE('',(#93),#1207,.F.);
#1242=ADVANCED_FACE('',(#94),#53,.F.);
#1243=ADVANCED_FACE('',(#95),#54,.F.);
#1244=ADVANCED_FACE('',(#96),#55,.F.);
#1245=ADVANCED_FACE('',(#97),#56,.F.);
#1246=ADVANCED_FACE('',(#98),#1208,.F.);
#1247=ADVANCED_FACE('',(#99),#57,.F.);
#1248=ADVANCED_FACE('',(#100),#58,.F.);
#1249=ADVANCED_FACE('',(#101),#59,.F.);
#1250=ADVANCED_FACE('',(#102),#1209,.F.);
#1251=ADVANCED_FACE('',(#103),#60,.F.);
#1252=ADVANCED_FACE('',(#104),#1210,.F.);
#1253=ADVANCED_FACE('',(#105),#61,.F.);
#1254=ADVANCED_FACE('',(#106),#1211,.F.);
#1255=ADVANCED_FACE('',(#107),#62,.F.);
#1256=ADVANCED_FACE('',(#108),#1212,.F.);
#1257=ADVANCED_FACE('',(#109),#63,.F.);
#1258=ADVANCED_FACE('',(#110),#1213,.F.);
#1259=ADVANCED_FACE('',(#111),#64,.F.);
#1260=ADVANCED_FACE('',(#112),#1214,.F.);
#1261=ADVANCED_FACE('',(#113),#65,.F.);
#1262=ADVANCED_FACE('',(#114),#1215,.F.);
#1263=ADVANCED_FACE('',(#115),#66,.F.);
#1264=ADVANCED_FACE('',(#116),#1216,.F.);
#1265=ADVANCED_FACE('',(#117),#1217,.F.);
#1266=ADVANCED_FACE('',(#118),#67,.T.);
#1267=ADVANCED_FACE('',(#119),#1218,.T.);
#1268=ADVANCED_FACE('',(#120),#68,.T.);
#1269=ADVANCED_FACE('',(#121),#1219,.F.);
#1270=ADVANCED_FACE('',(#122),#69,.T.);
#1271=ADVANCED_FACE('',(#123),#1220,.T.);
#1272=ADVANCED_FACE('',(#124),#70,.T.);
#1273=ADVANCED_FACE('',(#125),#1221,.F.);
#1274=ADVANCED_FACE('',(#126),#71,.T.);
#1275=ADVANCED_FACE('',(#127),#1222,.T.);
#1276=ADVANCED_FACE('',(#128),#72,.T.);
#1277=ADVANCED_FACE('',(#129),#1223,.F.);
#1278=ADVANCED_FACE('',(#130),#73,.T.);
#1279=ADVANCED_FACE('',(#131),#1224,.T.);
#1280=ADVANCED_FACE('',(#132),#74,.T.);
#1281=ADVANCED_FACE('',(#133),#75,.T.);
#1282=ADVANCED_FACE('',(#134),#1225,.T.);
#1283=ADVANCED_FACE('',(#135),#76,.T.);
#1284=ADVANCED_FACE('',(#136),#1226,.T.);
#1285=ADVANCED_FACE('',(#137),#77,.T.);
#1286=ADVANCED_FACE('',(#138),#1227,.T.);
#1287=ADVANCED_FACE('',(#139),#78,.T.);
#1288=ADVANCED_FACE('',(#140),#1228,.T.);
#1289=ADVANCED_FACE('',(#141,#15,#16,#17,#18,#19,#20,#21,#22,#23,#24,#25,
#26,#27,#28,#29,#30),#79,.T.);
#1290=ADVANCED_FACE('',(#142,#31,#32,#33,#34,#35,#36,#37,#38,#39,#40,#41,
#42,#43,#44,#45,#46),#80,.F.);
#1291=CLOSED_SHELL('',(#1229,#1230,#1231,#1232,#1233,#1234,#1235,#1236,
#1237,#1238,#1239,#1240,#1241,#1242,#1243,#1244,#1245,#1246,#1247,#1248,
#1249,#1250,#1251,#1252,#1253,#1254,#1255,#1256,#1257,#1258,#1259,#1260,
#1261,#1262,#1263,#1264,#1265,#1266,#1267,#1268,#1269,#1270,#1271,#1272,
#1273,#1274,#1275,#1276,#1277,#1278,#1279,#1280,#1281,#1282,#1283,#1284,
#1285,#1286,#1287,#1288,#1289,#1290));
#1292=DERIVED_UNIT_ELEMENT(#1294,1.);
#1293=DERIVED_UNIT_ELEMENT(#2153,-3.);
#1294=(
MASS_UNIT()
NAMED_UNIT(*)
SI_UNIT(.KILO.,.GRAM.)
);
#1295=DERIVED_UNIT((#1292,#1293));
#1296=MEASURE_REPRESENTATION_ITEM('density measure',
POSITIVE_RATIO_MEASURE(7850.),#1295);
#1297=PROPERTY_DEFINITION_REPRESENTATION(#1302,#1299);
#1298=PROPERTY_DEFINITION_REPRESENTATION(#1303,#1300);
#1299=REPRESENTATION('material name',(#1301),#2150);
#1300=REPRESENTATION('density',(#1296),#2150);
#1301=DESCRIPTIVE_REPRESENTATION_ITEM('Steel','Steel');
#1302=PROPERTY_DEFINITION('material property','material name',#2160);
#1303=PROPERTY_DEFINITION('material property','density of part',#2160);
#1304=AXIS2_PLACEMENT_3D('',#1785,#1423,#1424);
#1305=AXIS2_PLACEMENT_3D('',#1786,#1425,#1426);
#1306=AXIS2_PLACEMENT_3D('',#1788,#1427,#1428);
#1307=AXIS2_PLACEMENT_3D('',#1791,#1430,#1431);
#1308=AXIS2_PLACEMENT_3D('',#1792,#1432,#1433);
#1309=AXIS2_PLACEMENT_3D('',#1794,#1434,#1435);
#1310=AXIS2_PLACEMENT_3D('',#1797,#1437,#1438);
#1311=AXIS2_PLACEMENT_3D('',#1798,#1439,#1440);
#1312=AXIS2_PLACEMENT_3D('',#1800,#1441,#1442);
#1313=AXIS2_PLACEMENT_3D('',#1803,#1444,#1445);
#1314=AXIS2_PLACEMENT_3D('',#1804,#1446,#1447);
#1315=AXIS2_PLACEMENT_3D('',#1806,#1448,#1449);
#1316=AXIS2_PLACEMENT_3D('',#1809,#1451,#1452);
#1317=AXIS2_PLACEMENT_3D('',#1810,#1453,#1454);
#1318=AXIS2_PLACEMENT_3D('',#1813,#1455,#1456);
#1319=AXIS2_PLACEMENT_3D('',#1817,#1458,#1459);
#1320=AXIS2_PLACEMENT_3D('',#1819,#1461,#1462);
#1321=AXIS2_PLACEMENT_3D('',#1825,#1466,#1467);
#1322=AXIS2_PLACEMENT_3D('',#1831,#1471,#1472);
#1323=AXIS2_PLACEMENT_3D('',#1834,#1475,#1476);
#1324=AXIS2_PLACEMENT_3D('',#1837,#1477,#1478);
#1325=AXIS2_PLACEMENT_3D('',#1841,#1480,#1481);
#1326=AXIS2_PLACEMENT_3D('',#1843,#1483,#1484);
#1327=AXIS2_PLACEMENT_3D('',#1849,#1488,#1489);
#1328=AXIS2_PLACEMENT_3D('',#1855,#1493,#1494);
#1329=AXIS2_PLACEMENT_3D('',#1858,#1497,#1498);
#1330=AXIS2_PLACEMENT_3D('',#1861,#1499,#1500);
#1331=AXIS2_PLACEMENT_3D('',#1865,#1502,#1503);
#1332=AXIS2_PLACEMENT_3D('',#1867,#1505,#1506);
#1333=AXIS2_PLACEMENT_3D('',#1873,#1510,#1511);
#1334=AXIS2_PLACEMENT_3D('',#1879,#1515,#1516);
#1335=AXIS2_PLACEMENT_3D('',#1882,#1519,#1520);
#1336=AXIS2_PLACEMENT_3D('',#1891,#1525,#1526);
#1337=AXIS2_PLACEMENT_3D('',#1893,#1527,#1528);
#1338=AXIS2_PLACEMENT_3D('',#1896,#1530,#1531);
#1339=AXIS2_PLACEMENT_3D('',#1897,#1532,#1533);
#1340=AXIS2_PLACEMENT_3D('',#1903,#1537,#1538);
#1341=AXIS2_PLACEMENT_3D('',#1906,#1541,#1542);
#1342=AXIS2_PLACEMENT_3D('',#1915,#1547,#1548);
#1343=AXIS2_PLACEMENT_3D('',#1917,#1549,#1550);
#1344=AXIS2_PLACEMENT_3D('',#1919,#1551,#1552);
#1345=AXIS2_PLACEMENT_3D('',#1921,#1554,#1555);
#1346=AXIS2_PLACEMENT_3D('',#1927,#1559,#1560);
#1347=AXIS2_PLACEMENT_3D('',#1928,#1561,#1562);
#1348=AXIS2_PLACEMENT_3D('',#1929,#1563,#1564);
#1349=AXIS2_PLACEMENT_3D('',#1930,#1565,#1566);
#1350=AXIS2_PLACEMENT_3D('',#1939,#1571,#1572);
#1351=AXIS2_PLACEMENT_3D('',#1941,#1573,#1574);
#1352=AXIS2_PLACEMENT_3D('',#1943,#1575,#1576);
#1353=AXIS2_PLACEMENT_3D('',#1945,#1578,#1579);
#1354=AXIS2_PLACEMENT_3D('',#1951,#1583,#1584);
#1355=AXIS2_PLACEMENT_3D('',#1952,#1585,#1586);
#1356=AXIS2_PLACEMENT_3D('',#1953,#1587,#1588);
#1357=AXIS2_PLACEMENT_3D('',#1954,#1589,#1590);
#1358=AXIS2_PLACEMENT_3D('',#1963,#1595,#1596);
#1359=AXIS2_PLACEMENT_3D('',#1965,#1597,#1598);
#1360=AXIS2_PLACEMENT_3D('',#1967,#1599,#1600);
#1361=AXIS2_PLACEMENT_3D('',#1969,#1602,#1603);
#1362=AXIS2_PLACEMENT_3D('',#1975,#1607,#1608);
#1363=AXIS2_PLACEMENT_3D('',#1976,#1609,#1610);
#1364=AXIS2_PLACEMENT_3D('',#1977,#1611,#1612);
#1365=AXIS2_PLACEMENT_3D('',#1978,#1613,#1614);
#1366=AXIS2_PLACEMENT_3D('',#1987,#1619,#1620);
#1367=AXIS2_PLACEMENT_3D('',#1989,#1621,#1622);
#1368=AXIS2_PLACEMENT_3D('',#1991,#1623,#1624);
#1369=AXIS2_PLACEMENT_3D('',#1993,#1626,#1627);
#1370=AXIS2_PLACEMENT_3D('',#1999,#1631,#1632);
#1371=AXIS2_PLACEMENT_3D('',#2000,#1633,#1634);
#1372=AXIS2_PLACEMENT_3D('',#2001,#1635,#1636);
#1373=AXIS2_PLACEMENT_3D('',#2002,#1637,#1638);
#1374=AXIS2_PLACEMENT_3D('',#2005,#1639,#1640);
#1375=AXIS2_PLACEMENT_3D('',#2009,#1642,#1643);
#1376=AXIS2_PLACEMENT_3D('',#2011,#1645,#1646);
#1377=AXIS2_PLACEMENT_3D('',#2017,#1650,#1651);
#1378=AXIS2_PLACEMENT_3D('',#2019,#1652,#1653);
#1379=AXIS2_PLACEMENT_3D('',#2021,#1654,#1655);
#1380=AXIS2_PLACEMENT_3D('',#2023,#1657,#1658);
#1381=AXIS2_PLACEMENT_3D('',#2026,#1661,#1662);
#1382=AXIS2_PLACEMENT_3D('',#2029,#1663,#1664);
#1383=AXIS2_PLACEMENT_3D('',#2033,#1666,#1667);
#1384=AXIS2_PLACEMENT_3D('',#2035,#1669,#1670);
#1385=AXIS2_PLACEMENT_3D('',#2041,#1674,#1675);
#1386=AXIS2_PLACEMENT_3D('',#2043,#1676,#1677);
#1387=AXIS2_PLACEMENT_3D('',#2045,#1678,#1679);
#1388=AXIS2_PLACEMENT_3D('',#2047,#1681,#1682);
#1389=AXIS2_PLACEMENT_3D('',#2050,#1685,#1686);
#1390=AXIS2_PLACEMENT_3D('',#2053,#1687,#1688);
#1391=AXIS2_PLACEMENT_3D('',#2057,#1690,#1691);
#1392=AXIS2_PLACEMENT_3D('',#2059,#1693,#1694);
#1393=AXIS2_PLACEMENT_3D('',#2065,#1698,#1699);
#1394=AXIS2_PLACEMENT_3D('',#2067,#1700,#1701);
#1395=AXIS2_PLACEMENT_3D('',#2069,#1702,#1703);
#1396=AXIS2_PLACEMENT_3D('',#2071,#1705,#1706);
#1397=AXIS2_PLACEMENT_3D('',#2074,#1709,#1710);
#1398=AXIS2_PLACEMENT_3D('',#2077,#1711,#1712);
#1399=AXIS2_PLACEMENT_3D('',#2081,#1714,#1715);
#1400=AXIS2_PLACEMENT_3D('',#2083,#1717,#1718);
#1401=AXIS2_PLACEMENT_3D('',#2089,#1722,#1723);
#1402=AXIS2_PLACEMENT_3D('',#2091,#1724,#1725);
#1403=AXIS2_PLACEMENT_3D('',#2093,#1726,#1727);
#1404=AXIS2_PLACEMENT_3D('',#2095,#1729,#1730);
#1405=AXIS2_PLACEMENT_3D('',#2098,#1733,#1734);
#1406=AXIS2_PLACEMENT_3D('',#2107,#1739,#1740);
#1407=AXIS2_PLACEMENT_3D('',#2109,#1741,#1742);
#1408=AXIS2_PLACEMENT_3D('',#2111,#1743,#1744);
#1409=AXIS2_PLACEMENT_3D('',#2113,#1746,#1747);
#1410=AXIS2_PLACEMENT_3D('',#2119,#1751,#1752);
#1411=AXIS2_PLACEMENT_3D('',#2121,#1753,#1754);
#1412=AXIS2_PLACEMENT_3D('',#2123,#1755,#1756);
#1413=AXIS2_PLACEMENT_3D('',#2125,#1758,#1759);
#1414=AXIS2_PLACEMENT_3D('',#2131,#1763,#1764);
#1415=AXIS2_PLACEMENT_3D('',#2133,#1765,#1766);
#1416=AXIS2_PLACEMENT_3D('',#2135,#1767,#1768);
#1417=AXIS2_PLACEMENT_3D('',#2137,#1770,#1771);
#1418=AXIS2_PLACEMENT_3D('',#2143,#1775,#1776);
#1419=AXIS2_PLACEMENT_3D('',#2144,#1777,#1778);
#1420=AXIS2_PLACEMENT_3D('',#2145,#1779,#1780);
#1421=AXIS2_PLACEMENT_3D('',#2146,#1781,#1782);
#1422=AXIS2_PLACEMENT_3D('',#2147,#1783,#1784);
#1423=DIRECTION('axis',(0.,0.,1.));
#1424=DIRECTION('refdir',(1.,0.,0.));
#1425=DIRECTION('center_axis',(0.,0.,-1.));
#1426=DIRECTION('ref_axis',(-1.,0.,0.));
#1427=DIRECTION('center_axis',(0.,-2.22044604925031E-16,-1.));
#1428=DIRECTION('ref_axis',(-1.,0.,0.));
#1429=DIRECTION('',(0.,0.,-1.));
#1430=DIRECTION('center_axis',(0.,2.22044604925031E-16,1.));
#1431=DIRECTION('ref_axis',(-1.,0.,0.));
#1432=DIRECTION('center_axis',(0.,0.,-1.));
#1433=DIRECTION('ref_axis',(-1.,0.,0.));
#1434=DIRECTION('center_axis',(0.,-2.22044604925031E-16,-1.));
#1435=DIRECTION('ref_axis',(-1.,0.,0.));
#1436=DIRECTION('',(0.,0.,-1.));
#1437=DIRECTION('center_axis',(0.,2.22044604925031E-16,1.));
#1438=DIRECTION('ref_axis',(-1.,0.,0.));
#1439=DIRECTION('center_axis',(0.,0.,-1.));
#1440=DIRECTION('ref_axis',(-1.,0.,0.));
#1441=DIRECTION('center_axis',(0.,-2.22044604925031E-16,-1.));
#1442=DIRECTION('ref_axis',(-1.,0.,0.));
#1443=DIRECTION('',(0.,0.,-1.));
#1444=DIRECTION('center_axis',(0.,2.22044604925031E-16,1.));
#1445=DIRECTION('ref_axis',(-1.,0.,0.));
#1446=DIRECTION('center_axis',(0.,0.,-1.));
#1447=DIRECTION('ref_axis',(-1.,0.,0.));
#1448=DIRECTION('center_axis',(0.,-2.22044604925031E-16,-1.));
#1449=DIRECTION('ref_axis',(-1.,0.,0.));
#1450=DIRECTION('',(0.,0.,-1.));
#1451=DIRECTION('center_axis',(0.,2.22044604925031E-16,1.));
#1452=DIRECTION('ref_axis',(-1.,0.,0.));
#1453=DIRECTION('center_axis',(0.,0.,-1.));
#1454=DIRECTION('ref_axis',(-0.707106781186547,-0.707106781186548,0.));
#1455=DIRECTION('center_axis',(0.,-2.22044604925031E-16,-1.));
#1456=DIRECTION('ref_axis',(-0.707106781186547,-0.707106781186548,0.));
#1457=DIRECTION('',(0.,0.,-1.));
#1458=DIRECTION('center_axis',(0.,2.22044604925031E-16,1.));
#1459=DIRECTION('ref_axis',(-0.707106781186547,-0.707106781186548,0.));
#1460=DIRECTION('',(0.,0.,-1.));
#1461=DIRECTION('center_axis',(0.707106781186547,0.707106781186548,0.));
#1462=DIRECTION('ref_axis',(0.707106781186548,-0.707106781186547,0.));
#1463=DIRECTION('',(0.707106781186548,-0.707106781186547,1.57009245868377E-16));
#1464=DIRECTION('',(0.,0.,-1.));
#1465=DIRECTION('',(-0.707106781186548,0.707106781186547,-1.57009245868377E-16));
#1466=DIRECTION('center_axis',(-0.707106781186547,0.707106781186548,0.));
#1467=DIRECTION('ref_axis',(0.707106781186548,0.707106781186547,0.));
#1468=DIRECTION('',(0.707106781186548,0.707106781186547,-1.57009245868377E-16));
#1469=DIRECTION('',(0.,0.,-1.));
#1470=DIRECTION('',(-0.707106781186548,-0.707106781186547,1.57009245868377E-16));
#1471=DIRECTION('center_axis',(-0.707106781186548,-0.707106781186548,0.));
#1472=DIRECTION('ref_axis',(-0.707106781186548,0.707106781186548,0.));
#1473=DIRECTION('',(-0.707106781186548,0.707106781186548,-1.57009245868377E-16));
#1474=DIRECTION('',(0.707106781186548,-0.707106781186548,1.57009245868377E-16));
#1475=DIRECTION('center_axis',(0.,0.,-1.));
#1476=DIRECTION('ref_axis',(0.707106781186547,-0.707106781186548,0.));
#1477=DIRECTION('center_axis',(0.,-2.22044604925031E-16,-1.));
#1478=DIRECTION('ref_axis',(0.707106781186547,-0.707106781186548,0.));
#1479=DIRECTION('',(0.,0.,-1.));
#1480=DIRECTION('center_axis',(0.,2.22044604925031E-16,1.));
#1481=DIRECTION('ref_axis',(0.707106781186547,-0.707106781186548,0.));
#1482=DIRECTION('',(0.,0.,-1.));
#1483=DIRECTION('center_axis',(-0.707106781186548,0.707106781186547,0.));
#1484=DIRECTION('ref_axis',(0.707106781186547,0.707106781186548,0.));
#1485=DIRECTION('',(0.707106781186547,0.707106781186548,-1.57009245868377E-16));
#1486=DIRECTION('',(0.,0.,-1.));
#1487=DIRECTION('',(-0.707106781186547,-0.707106781186548,1.57009245868377E-16));
#1488=DIRECTION('center_axis',(-0.707106781186547,-0.707106781186548,0.));
#1489=DIRECTION('ref_axis',(-0.707106781186548,0.707106781186547,0.));
#1490=DIRECTION('',(-0.707106781186548,0.707106781186547,-1.57009245868377E-16));
#1491=DIRECTION('',(0.,0.,-1.));
#1492=DIRECTION('',(0.707106781186548,-0.707106781186547,1.57009245868377E-16));
#1493=DIRECTION('center_axis',(0.707106781186548,-0.707106781186548,0.));
#1494=DIRECTION('ref_axis',(-0.707106781186548,-0.707106781186548,0.));
#1495=DIRECTION('',(-0.707106781186548,-0.707106781186548,1.57009245868377E-16));
#1496=DIRECTION('',(0.707106781186548,0.707106781186548,-1.57009245868377E-16));
#1497=DIRECTION('center_axis',(0.,0.,-1.));
#1498=DIRECTION('ref_axis',(-0.711189893437649,0.702999954105365,0.));
#1499=DIRECTION('center_axis',(0.,-2.22044604925031E-16,-1.));
#1500=DIRECTION('ref_axis',(-0.711189893437649,0.702999954105365,0.));
#1501=DIRECTION('',(0.,0.,-1.));
#1502=DIRECTION('center_axis',(0.,2.22044604925031E-16,1.));
#1503=DIRECTION('ref_axis',(-0.711189893437649,0.702999954105365,0.));
#1504=DIRECTION('',(0.,0.,-1.));
#1505=DIRECTION('center_axis',(0.711189893437649,-0.702999954105365,0.));
#1506=DIRECTION('ref_axis',(-0.702999954105365,-0.711189893437649,0.));
#1507=DIRECTION('',(-0.702999954105365,-0.711189893437649,1.57915878915038E-16));
#1508=DIRECTION('',(0.,0.,-1.));
#1509=DIRECTION('',(0.702999954105365,0.711189893437649,-1.57915878915038E-16));
#1510=DIRECTION('center_axis',(0.702999954105365,0.711189893437649,0.));
#1511=DIRECTION('ref_axis',(0.711189893437649,-0.702999954105365,0.));
#1512=DIRECTION('',(0.711189893437649,-0.702999954105365,1.56097347071641E-16));
#1513=DIRECTION('',(0.,0.,-1.));
#1514=DIRECTION('',(-0.711189893437649,0.702999954105365,-1.56097347071641E-16));
#1515=DIRECTION('center_axis',(-0.711189893437649,0.702999954105365,0.));
#1516=DIRECTION('ref_axis',(0.702999954105365,0.711189893437649,0.));
#1517=DIRECTION('',(0.702999954105365,0.711189893437649,-1.57915878915038E-16));
#1518=DIRECTION('',(-0.702999954105365,-0.711189893437649,1.57915878915038E-16));
#1519=DIRECTION('center_axis',(0.707106781186548,0.707106781186548,0.));
#1520=DIRECTION('ref_axis',(0.707106781186548,-0.707106781186548,0.));
#1521=DIRECTION('',(0.707106781186548,-0.707106781186548,1.57009245868377E-16));
#1522=DIRECTION('',(0.,0.,-1.));
#1523=DIRECTION('',(-0.707106781186548,0.707106781186548,-1.57009245868377E-16));
#1524=DIRECTION('',(0.,0.,-1.));
#1525=DIRECTION('center_axis',(0.,0.,-1.));
#1526=DIRECTION('ref_axis',(0.707106781186546,0.707106781186549,0.));
#1527=DIRECTION('center_axis',(0.,-2.22044604925031E-16,-1.));
#1528=DIRECTION('ref_axis',(0.707106781186546,0.707106781186549,0.));
#1529=DIRECTION('',(0.,0.,-1.));
#1530=DIRECTION('center_axis',(0.,2.22044604925031E-16,1.));
#1531=DIRECTION('ref_axis',(0.707106781186546,0.707106781186549,0.));
#1532=DIRECTION('center_axis',(-0.707106781186547,-0.707106781186548,0.));
#1533=DIRECTION('ref_axis',(-0.707106781186548,0.707106781186547,0.));
#1534=DIRECTION('',(-0.707106781186548,0.707106781186547,-1.57009245868377E-16));
#1535=DIRECTION('',(0.,0.,-1.));
#1536=DIRECTION('',(0.707106781186548,-0.707106781186547,1.57009245868377E-16));
#1537=DIRECTION('center_axis',(0.707106781186549,-0.707106781186546,0.));
#1538=DIRECTION('ref_axis',(-0.707106781186546,-0.707106781186549,0.));
#1539=DIRECTION('',(-0.707106781186546,-0.707106781186549,1.57009245868378E-16));
#1540=DIRECTION('',(0.707106781186546,0.707106781186549,-1.57009245868378E-16));
#1541=DIRECTION('center_axis',(0.,1.,0.));
#1542=DIRECTION('ref_axis',(1.,0.,0.));
#1543=DIRECTION('',(-1.,0.,0.));
#1544=DIRECTION('',(0.,0.,-1.));
#1545=DIRECTION('',(1.,0.,0.));
#1546=DIRECTION('',(0.,0.,-1.));
#1547=DIRECTION('center_axis',(0.,0.,-1.));
#1548=DIRECTION('ref_axis',(0.,1.,0.));
#1549=DIRECTION('center_axis',(0.,2.22044604925031E-16,1.));
#1550=DIRECTION('ref_axis',(0.,1.,0.));
#1551=DIRECTION('center_axis',(0.,-2.22044604925031E-16,-1.));
#1552=DIRECTION('ref_axis',(0.,1.,0.));
#1553=DIRECTION('',(0.,0.,-1.));
#1554=DIRECTION('center_axis',(0.,-1.,0.));
#1555=DIRECTION('ref_axis',(-1.,0.,0.));
#1556=DIRECTION('',(1.,0.,0.));
#1557=DIRECTION('',(-1.,0.,0.));
#1558=DIRECTION('',(0.,0.,-1.));
#1559=DIRECTION('center_axis',(0.,0.,-1.));
#1560=DIRECTION('ref_axis',(0.,-1.,0.));
#1561=DIRECTION('center_axis',(0.,2.22044604925031E-16,1.));
#1562=DIRECTION('ref_axis',(0.,-1.,0.));
#1563=DIRECTION('center_axis',(0.,-2.22044604925031E-16,-1.));
#1564=DIRECTION('ref_axis',(0.,-1.,0.));
#1565=DIRECTION('center_axis',(-1.,0.,0.));
#1566=DIRECTION('ref_axis',(0.,1.,0.));
#1567=DIRECTION('',(0.,-1.,2.22044604925031E-16));
#1568=DIRECTION('',(0.,0.,-1.));
#1569=DIRECTION('',(0.,1.,-2.22044604925031E-16));
#1570=DIRECTION('',(0.,0.,-1.));
#1571=DIRECTION('center_axis',(0.,0.,-1.));
#1572=DIRECTION('ref_axis',(-1.,0.,0.));
#1573=DIRECTION('center_axis',(0.,2.22044604925031E-16,1.));
#1574=DIRECTION('ref_axis',(-1.,0.,0.));
#1575=DIRECTION('center_axis',(0.,-2.22044604925031E-16,-1.));
#1576=DIRECTION('ref_axis',(-1.,0.,0.));
#1577=DIRECTION('',(0.,0.,-1.));
#1578=DIRECTION('center_axis',(1.,0.,0.));
#1579=DIRECTION('ref_axis',(0.,-1.,0.));
#1580=DIRECTION('',(0.,1.,-2.22044604925031E-16));
#1581=DIRECTION('',(0.,-1.,2.22044604925031E-16));
#1582=DIRECTION('',(0.,0.,-1.));
#1583=DIRECTION('center_axis',(0.,0.,-1.));
#1584=DIRECTION('ref_axis',(1.,0.,0.));
#1585=DIRECTION('center_axis',(0.,2.22044604925031E-16,1.));
#1586=DIRECTION('ref_axis',(1.,0.,0.));
#1587=DIRECTION('center_axis',(0.,-2.22044604925031E-16,-1.));
#1588=DIRECTION('ref_axis',(1.,0.,0.));
#1589=DIRECTION('center_axis',(-1.,0.,0.));
#1590=DIRECTION('ref_axis',(0.,1.,0.));
#1591=DIRECTION('',(0.,-1.,2.22044604925031E-16));
#1592=DIRECTION('',(0.,0.,-1.));
#1593=DIRECTION('',(0.,1.,-2.22044604925031E-16));
#1594=DIRECTION('',(0.,0.,-1.));
#1595=DIRECTION('center_axis',(0.,0.,-1.));
#1596=DIRECTION('ref_axis',(-1.,0.,0.));
#1597=DIRECTION('center_axis',(0.,2.22044604925031E-16,1.));
#1598=DIRECTION('ref_axis',(-1.,0.,0.));
#1599=DIRECTION('center_axis',(0.,-2.22044604925031E-16,-1.));
#1600=DIRECTION('ref_axis',(-1.,0.,0.));
#1601=DIRECTION('',(0.,0.,-1.));
#1602=DIRECTION('center_axis',(1.,0.,0.));
#1603=DIRECTION('ref_axis',(0.,-1.,0.));
#1604=DIRECTION('',(0.,1.,-2.22044604925031E-16));
#1605=DIRECTION('',(0.,-1.,2.22044604925031E-16));
#1606=DIRECTION('',(0.,0.,-1.));
#1607=DIRECTION('center_axis',(0.,0.,-1.));
#1608=DIRECTION('ref_axis',(1.,0.,0.));
#1609=DIRECTION('center_axis',(0.,2.22044604925031E-16,1.));
#1610=DIRECTION('ref_axis',(1.,0.,0.));
#1611=DIRECTION('center_axis',(0.,-2.22044604925031E-16,-1.));
#1612=DIRECTION('ref_axis',(1.,0.,0.));
#1613=DIRECTION('center_axis',(0.,1.,0.));
#1614=DIRECTION('ref_axis',(1.,0.,0.));
#1615=DIRECTION('',(-1.,0.,0.));
#1616=DIRECTION('',(0.,0.,-1.));
#1617=DIRECTION('',(1.,0.,0.));
#1618=DIRECTION('',(0.,0.,-1.));
#1619=DIRECTION('center_axis',(0.,0.,-1.));
#1620=DIRECTION('ref_axis',(0.,1.,0.));
#1621=DIRECTION('center_axis',(0.,2.22044604925031E-16,1.));
#1622=DIRECTION('ref_axis',(0.,1.,0.));
#1623=DIRECTION('center_axis',(0.,-2.22044604925031E-16,-1.));
#1624=DIRECTION('ref_axis',(0.,1.,0.));
#1625=DIRECTION('',(0.,0.,-1.));
#1626=DIRECTION('center_axis',(0.,-1.,0.));
#1627=DIRECTION('ref_axis',(-1.,0.,0.));
#1628=DIRECTION('',(1.,0.,0.));
#1629=DIRECTION('',(-1.,0.,0.));
#1630=DIRECTION('',(0.,0.,-1.));
#1631=DIRECTION('center_axis',(0.,0.,-1.));
#1632=DIRECTION('ref_axis',(0.,-1.,0.));
#1633=DIRECTION('center_axis',(0.,2.22044604925031E-16,1.));
#1634=DIRECTION('ref_axis',(0.,-1.,0.));
#1635=DIRECTION('center_axis',(0.,-2.22044604925031E-16,-1.));
#1636=DIRECTION('ref_axis',(0.,-1.,0.));
#1637=DIRECTION('center_axis',(0.,-2.22044604925031E-16,-1.));
#1638=DIRECTION('ref_axis',(0.702999954105367,0.711189893437647,-1.57915878915038E-16));
#1639=DIRECTION('center_axis',(0.,2.22044604925031E-16,1.));
#1640=DIRECTION('ref_axis',(1.,0.,0.));
#1641=DIRECTION('',(0.,-2.22044604925031E-16,-1.));
#1642=DIRECTION('center_axis',(0.,2.22044604925031E-16,1.));
#1643=DIRECTION('ref_axis',(1.,0.,0.));
#1644=DIRECTION('',(0.,-2.22044604925031E-16,-1.));
#1645=DIRECTION('center_axis',(0.711189893437647,-0.702999954105367,1.56097347071641E-16));
#1646=DIRECTION('ref_axis',(-0.702999954105367,-0.711189893437647,1.57915878915037E-16));
#1647=DIRECTION('',(-0.702999954105367,-0.711189893437647,1.57915878915037E-16));
#1648=DIRECTION('',(-0.702999954105367,-0.711189893437647,1.57915878915037E-16));
#1649=DIRECTION('',(0.,-2.22044604925031E-16,-1.));
#1650=DIRECTION('center_axis',(0.,-2.22044604925031E-16,-1.));
#1651=DIRECTION('ref_axis',(1.,0.,0.));
#1652=DIRECTION('center_axis',(0.,-2.22044604925031E-16,-1.));
#1653=DIRECTION('ref_axis',(1.,0.,0.));
#1654=DIRECTION('center_axis',(0.,-2.22044604925031E-16,-1.));
#1655=DIRECTION('ref_axis',(1.,0.,0.));
#1656=DIRECTION('',(0.,-2.22044604925031E-16,-1.));
#1657=DIRECTION('center_axis',(-0.711189893437649,0.702999954105365,-1.56097347071641E-16));
#1658=DIRECTION('ref_axis',(0.702999954105365,0.711189893437649,-1.57915878915038E-16));
#1659=DIRECTION('',(0.702999954105365,0.711189893437649,-1.57915878915038E-16));
#1660=DIRECTION('',(0.702999954105365,0.711189893437649,-1.57915878915038E-16));
#1661=DIRECTION('center_axis',(0.,-2.22044604925031E-16,-1.));
#1662=DIRECTION('ref_axis',(-0.70748865071202,-0.706724705322861,1.56924407984174E-16));
#1663=DIRECTION('center_axis',(0.,2.22044604925031E-16,1.));
#1664=DIRECTION('ref_axis',(1.,0.,0.));
#1665=DIRECTION('',(0.,-2.22044604925031E-16,-1.));
#1666=DIRECTION('center_axis',(0.,2.22044604925031E-16,1.));
#1667=DIRECTION('ref_axis',(1.,0.,0.));
#1668=DIRECTION('',(0.,-2.22044604925031E-16,-1.));
#1669=DIRECTION('center_axis',(-0.706724705322862,0.70748865071202,-1.57094037936294E-16));
#1670=DIRECTION('ref_axis',(0.70748865071202,0.706724705322861,-1.56924407984174E-16));
#1671=DIRECTION('',(0.70748865071202,0.706724705322861,-1.56924407984174E-16));
#1672=DIRECTION('',(0.70748865071202,0.706724705322861,-1.56924407984174E-16));
#1673=DIRECTION('',(0.,-2.22044604925031E-16,-1.));
#1674=DIRECTION('center_axis',(0.,-2.22044604925031E-16,-1.));
#1675=DIRECTION('ref_axis',(-0.70748865071202,-0.706724705322862,1.56924407984174E-16));
#1676=DIRECTION('center_axis',(0.,-2.22044604925031E-16,-1.));
#1677=DIRECTION('ref_axis',(1.,0.,0.));
#1678=DIRECTION('center_axis',(0.,-2.22044604925031E-16,-1.));
#1679=DIRECTION('ref_axis',(1.,0.,0.));
#1680=DIRECTION('',(0.,-2.22044604925031E-16,-1.));
#1681=DIRECTION('center_axis',(0.706724705322862,-0.70748865071202,1.57094037936294E-16));
#1682=DIRECTION('ref_axis',(-0.70748865071202,-0.706724705322862,1.56924407984174E-16));
#1683=DIRECTION('',(-0.70748865071202,-0.706724705322862,1.56924407984174E-16));
#1684=DIRECTION('',(-0.70748865071202,-0.706724705322862,1.56924407984174E-16));
#1685=DIRECTION('center_axis',(0.,-2.22044604925031E-16,-1.));
#1686=DIRECTION('ref_axis',(-0.707106781186548,0.707106781186547,-1.57009245868377E-16));
#1687=DIRECTION('center_axis',(0.,2.22044604925031E-16,1.));
#1688=DIRECTION('ref_axis',(1.,0.,0.));
#1689=DIRECTION('',(0.,-2.22044604925031E-16,-1.));
#1690=DIRECTION('center_axis',(0.,2.22044604925031E-16,1.));
#1691=DIRECTION('ref_axis',(1.,0.,0.));
#1692=DIRECTION('',(0.,-2.22044604925031E-16,-1.));
#1693=DIRECTION('center_axis',(0.707106781186548,0.707106781186547,-1.57009245868377E-16));
#1694=DIRECTION('ref_axis',(0.707106781186547,-0.707106781186548,1.57009245868378E-16));
#1695=DIRECTION('',(0.707106781186547,-0.707106781186548,1.57009245868378E-16));
#1696=DIRECTION('',(0.707106781186547,-0.707106781186548,1.57009245868378E-16));
#1697=DIRECTION('',(0.,-2.22044604925031E-16,-1.));
#1698=DIRECTION('center_axis',(0.,-2.22044604925031E-16,-1.));
#1699=DIRECTION('ref_axis',(-0.707106781186548,0.707106781186547,-1.57009245868377E-16));
#1700=DIRECTION('center_axis',(0.,-2.22044604925031E-16,-1.));
#1701=DIRECTION('ref_axis',(1.,0.,0.));
#1702=DIRECTION('center_axis',(0.,-2.22044604925031E-16,-1.));
#1703=DIRECTION('ref_axis',(1.,0.,0.));
#1704=DIRECTION('',(0.,-2.22044604925031E-16,-1.));
#1705=DIRECTION('center_axis',(-0.707106781186547,-0.707106781186548,1.57009245868378E-16));
#1706=DIRECTION('ref_axis',(-0.707106781186548,0.707106781186547,-1.57009245868377E-16));
#1707=DIRECTION('',(-0.707106781186548,0.707106781186547,-1.57009245868377E-16));
#1708=DIRECTION('',(-0.707106781186548,0.707106781186547,-1.57009245868377E-16));
#1709=DIRECTION('center_axis',(0.,-2.22044604925031E-16,-1.));
#1710=DIRECTION('ref_axis',(0.707106781186548,-0.707106781186547,1.57009245868377E-16));
#1711=DIRECTION('center_axis',(0.,2.22044604925031E-16,1.));
#1712=DIRECTION('ref_axis',(1.,0.,0.));
#1713=DIRECTION('',(0.,-2.22044604925031E-16,-1.));
#1714=DIRECTION('center_axis',(0.,2.22044604925031E-16,1.));
#1715=DIRECTION('ref_axis',(1.,0.,0.));
#1716=DIRECTION('',(0.,-2.22044604925031E-16,-1.));
#1717=DIRECTION('center_axis',(-0.707106781186548,-0.707106781186548,1.57009245868377E-16));
#1718=DIRECTION('ref_axis',(-0.707106781186548,0.707106781186548,-1.57009245868377E-16));
#1719=DIRECTION('',(-0.707106781186547,0.707106781186547,-1.57009245868377E-16));
#1720=DIRECTION('',(-0.707106781186547,0.707106781186547,-1.57009245868377E-16));
#1721=DIRECTION('',(0.,-2.22044604925031E-16,-1.));
#1722=DIRECTION('center_axis',(0.,-2.22044604925031E-16,-1.));
#1723=DIRECTION('ref_axis',(1.,0.,0.));
#1724=DIRECTION('center_axis',(0.,-2.22044604925031E-16,-1.));
#1725=DIRECTION('ref_axis',(1.,0.,0.));
#1726=DIRECTION('center_axis',(0.,-2.22044604925031E-16,-1.));
#1727=DIRECTION('ref_axis',(1.,0.,0.));
#1728=DIRECTION('',(0.,-2.22044604925031E-16,-1.));
#1729=DIRECTION('center_axis',(0.707106781186547,0.707106781186548,-1.57009245868378E-16));
#1730=DIRECTION('ref_axis',(0.707106781186548,-0.707106781186547,1.57009245868377E-16));
#1731=DIRECTION('',(0.707106781186548,-0.707106781186547,1.57009245868377E-16));
#1732=DIRECTION('',(0.707106781186548,-0.707106781186547,1.57009245868377E-16));
#1733=DIRECTION('center_axis',(0.,-1.,2.22044604925031E-16));
#1734=DIRECTION('ref_axis',(-1.,0.,0.));
#1735=DIRECTION('',(-1.,0.,0.));
#1736=DIRECTION('',(0.,-2.22044604925031E-16,-1.));
#1737=DIRECTION('',(-1.,0.,0.));
#1738=DIRECTION('',(0.,-2.22044604925031E-16,-1.));
#1739=DIRECTION('center_axis',(0.,-2.22044604925031E-16,-1.));
#1740=DIRECTION('ref_axis',(1.,0.,0.));
#1741=DIRECTION('center_axis',(0.,-2.22044604925031E-16,-1.));
#1742=DIRECTION('ref_axis',(1.,0.,0.));
#1743=DIRECTION('center_axis',(0.,-2.22044604925031E-16,-1.));
#1744=DIRECTION('ref_axis',(1.,0.,0.));
#1745=DIRECTION('',(0.,-2.22044604925031E-16,-1.));
#1746=DIRECTION('center_axis',(1.,0.,0.));
#1747=DIRECTION('ref_axis',(0.,-1.,2.22044604925031E-16));
#1748=DIRECTION('',(0.,-1.,2.22044604925031E-16));
#1749=DIRECTION('',(0.,-1.,2.22044604925031E-16));
#1750=DIRECTION('',(0.,-2.22044604925031E-16,-1.));
#1751=DIRECTION('center_axis',(0.,-2.22044604925031E-16,-1.));
#1752=DIRECTION('ref_axis',(1.,0.,0.));
#1753=DIRECTION('center_axis',(0.,-2.22044604925031E-16,-1.));
#1754=DIRECTION('ref_axis',(1.,0.,0.));
#1755=DIRECTION('center_axis',(0.,-2.22044604925031E-16,-1.));
#1756=DIRECTION('ref_axis',(1.,0.,0.));
#1757=DIRECTION('',(0.,-2.22044604925031E-16,-1.));
#1758=DIRECTION('center_axis',(0.,1.,-2.22044604925031E-16));
#1759=DIRECTION('ref_axis',(1.,0.,0.));
#1760=DIRECTION('',(1.,0.,0.));
#1761=DIRECTION('',(1.,0.,0.));
#1762=DIRECTION('',(0.,-2.22044604925031E-16,-1.));
#1763=DIRECTION('center_axis',(0.,-2.22044604925031E-16,-1.));
#1764=DIRECTION('ref_axis',(-0.707106781186548,0.707106781186547,-1.57009245868377E-16));
#1765=DIRECTION('center_axis',(0.,-2.22044604925031E-16,-1.));
#1766=DIRECTION('ref_axis',(1.,0.,0.));
#1767=DIRECTION('center_axis',(0.,-2.22044604925031E-16,-1.));
#1768=DIRECTION('ref_axis',(1.,0.,0.));
#1769=DIRECTION('',(0.,-2.22044604925031E-16,-1.));
#1770=DIRECTION('center_axis',(-1.,0.,0.));
#1771=DIRECTION('ref_axis',(0.,1.,-2.22044604925031E-16));
#1772=DIRECTION('',(0.,1.,-2.22044604925031E-16));
#1773=DIRECTION('',(0.,1.,-2.22044604925031E-16));
#1774=DIRECTION('',(0.,-2.22044604925031E-16,-1.));
#1775=DIRECTION('center_axis',(0.,-2.22044604925031E-16,-1.));
#1776=DIRECTION('ref_axis',(-0.707243186829354,-0.7069703492251,1.56978951887399E-16));
#1777=DIRECTION('center_axis',(0.,-2.22044604925031E-16,-1.));
#1778=DIRECTION('ref_axis',(1.,0.,0.));
#1779=DIRECTION('center_axis',(0.,-2.22044604925031E-16,-1.));
#1780=DIRECTION('ref_axis',(1.,0.,0.));
#1781=DIRECTION('center_axis',(0.,-2.22044604925031E-16,-1.));
#1782=DIRECTION('ref_axis',(1.,0.,0.));
#1783=DIRECTION('center_axis',(0.,-2.22044604925031E-16,-1.));
#1784=DIRECTION('ref_axis',(1.,0.,0.));
#1785=CARTESIAN_POINT('',(0.,0.,0.));
#1786=CARTESIAN_POINT('Origin',(0.,-50.,80.0082407107785));
#1787=CARTESIAN_POINT('',(4.25,-50.,80.0082407107785));
#1788=CARTESIAN_POINT('Origin',(0.,-50.,80.0082407107784));
#1789=CARTESIAN_POINT('',(4.25,-50.,77.0082407107785));
#1790=CARTESIAN_POINT('',(4.25,-50.,80.0082407107785));
#1791=CARTESIAN_POINT('Origin',(0.,-50.,77.0082407107785));
#1792=CARTESIAN_POINT('Origin',(100.,-50.,80.0082407107785));
#1793=CARTESIAN_POINT('',(104.25,-50.,80.0082407107785));
#1794=CARTESIAN_POINT('Origin',(100.,-50.,80.0082407107784));
#1795=CARTESIAN_POINT('',(104.25,-50.,77.0082407107785));
#1796=CARTESIAN_POINT('',(104.25,-50.,80.0082407107785));
#1797=CARTESIAN_POINT('Origin',(100.,-50.,77.0082407107785));
#1798=CARTESIAN_POINT('Origin',(100.000001490116,50.0000007450581,80.0082407107785));
#1799=CARTESIAN_POINT('',(104.250001490116,50.0000007450581,80.0082407107785));
#1800=CARTESIAN_POINT('Origin',(100.000001490116,50.0000007450581,80.0082407107784));
#1801=CARTESIAN_POINT('',(104.250001490116,50.0000007450581,77.0082407107785));
#1802=CARTESIAN_POINT('',(104.250001490116,50.0000007450581,80.0082407107785));
#1803=CARTESIAN_POINT('Origin',(100.000001490116,50.0000007450581,77.0082407107785));
#1804=CARTESIAN_POINT('Origin',(0.,50.,80.0082407107785));
#1805=CARTESIAN_POINT('',(4.25,50.,80.0082407107785));
#1806=CARTESIAN_POINT('Origin',(0.,50.,80.0082407107784));
#1807=CARTESIAN_POINT('',(4.25,50.,77.0082407107785));
#1808=CARTESIAN_POINT('',(4.25,50.,80.0082407107785));
#1809=CARTESIAN_POINT('Origin',(0.,50.,77.0082407107785));
#1810=CARTESIAN_POINT('Origin',(20.,30.,80.0082407107785));
#1811=CARTESIAN_POINT('',(22.8284271247462,32.8284271247462,80.0082407107785));
#1812=CARTESIAN_POINT('',(17.1715728752538,27.1715728752538,80.0082407107785));
#1813=CARTESIAN_POINT('Origin',(20.,30.,80.0082407107784));
#1814=CARTESIAN_POINT('',(22.8284271247462,32.8284271247462,77.0082407107785));
#1815=CARTESIAN_POINT('',(22.8284271247462,32.8284271247462,80.0082407107785));
#1816=CARTESIAN_POINT('',(17.1715728752538,27.1715728752538,77.0082407107785));
#1817=CARTESIAN_POINT('Origin',(20.,30.,77.0082407107785));
#1818=CARTESIAN_POINT('',(17.1715728752538,27.1715728752538,80.0082407107785));
#1819=CARTESIAN_POINT('Origin',(7.82842712474619,47.8284271247462,80.0082407107785));
#1820=CARTESIAN_POINT('',(7.82842712474619,47.8284271247462,80.0082407107785));
#1821=CARTESIAN_POINT('',(7.85197601374283,47.8048782357495,80.0082407107785));
#1822=CARTESIAN_POINT('',(7.82842712474619,47.8284271247462,77.0082407107785));
#1823=CARTESIAN_POINT('',(7.82842712474619,47.8284271247462,80.0082407107785));
#1824=CARTESIAN_POINT('',(30.3519760137428,25.3048782357495,77.0082407107784));
#1825=CARTESIAN_POINT('Origin',(2.17157287525381,42.1715728752538,80.0082407107785));
#1826=CARTESIAN_POINT('',(2.17157287525381,42.1715728752538,80.0082407107785));
#1827=CARTESIAN_POINT('',(26.1018387781949,66.1018387781949,80.0082407107784));
#1828=CARTESIAN_POINT('',(2.17157287525381,42.1715728752538,77.0082407107785));
#1829=CARTESIAN_POINT('',(2.17157287525381,42.1715728752538,80.0082407107785));
#1830=CARTESIAN_POINT('',(3.60183877819489,43.6018387781949,77.0082407107784));
#1831=CARTESIAN_POINT('Origin',(17.1715728752538,27.1715728752538,80.0082407107785));
#1832=CARTESIAN_POINT('',(9.69512176425045,34.6480239862572,80.0082407107785));
#1833=CARTESIAN_POINT('',(32.1951217642505,12.1480239862572,77.0082407107785));
#1834=CARTESIAN_POINT('Origin',(20.,-30.,80.0082407107785));
#1835=CARTESIAN_POINT('',(17.1715728752538,-27.1715728752538,80.0082407107785));
#1836=CARTESIAN_POINT('',(22.8284271247462,-32.8284271247462,80.0082407107785));
#1837=CARTESIAN_POINT('Origin',(20.,-30.,80.0082407107784));
#1838=CARTESIAN_POINT('',(17.1715728752538,-27.1715728752538,77.0082407107785));
#1839=CARTESIAN_POINT('',(17.1715728752538,-27.1715728752538,80.0082407107785));
#1840=CARTESIAN_POINT('',(22.8284271247462,-32.8284271247462,77.0082407107785));
#1841=CARTESIAN_POINT('Origin',(20.,-30.,77.0082407107785));
#1842=CARTESIAN_POINT('',(22.8284271247462,-32.8284271247462,80.0082407107785));
#1843=CARTESIAN_POINT('Origin',(2.17157287525381,-42.1715728752538,80.0082407107785));
#1844=CARTESIAN_POINT('',(2.17157287525381,-42.1715728752538,80.0082407107785));
#1845=CARTESIAN_POINT('',(47.1876252158218,2.84447946531416,80.0082407107785));
#1846=CARTESIAN_POINT('',(2.17157287525381,-42.1715728752538,77.0082407107785));
#1847=CARTESIAN_POINT('',(2.17157287525381,-42.1715728752538,80.0082407107785));
#1848=CARTESIAN_POINT('',(24.6876252158218,-19.6555205346858,77.0082407107785));
#1849=CARTESIAN_POINT('Origin',(7.82842712474619,-47.8284271247462,80.0082407107785));
#1850=CARTESIAN_POINT('',(7.82842712474619,-47.8284271247462,80.0082407107785));
#1851=CARTESIAN_POINT('',(-16.0622375486303,-23.9377624513698,80.0082407107785));
#1852=CARTESIAN_POINT('',(7.82842712474619,-47.8284271247462,77.0082407107785));
#1853=CARTESIAN_POINT('',(7.82842712474619,-47.8284271247462,80.0082407107785));
#1854=CARTESIAN_POINT('',(6.43776245136976,-46.4377624513698,77.0082407107785));
#1855=CARTESIAN_POINT('Origin',(22.8284271247462,-32.8284271247462,80.0082407107785));
#1856=CARTESIAN_POINT('',(60.3444794653142,4.68762521582177,80.0082407107785));
#1857=CARTESIAN_POINT('',(37.8444794653142,-17.8123747841782,77.0082407107785));
#1858=CARTESIAN_POINT('Origin',(80.088515426759,29.914796846415,80.0082407107785));
#1859=CARTESIAN_POINT('',(82.9332750005096,27.1027970299935,80.0082407107785));
#1860=CARTESIAN_POINT('',(77.2437558530085,32.7267966628364,80.0082407107785));
#1861=CARTESIAN_POINT('Origin',(80.088515426759,29.914796846415,80.0082407107784));
#1862=CARTESIAN_POINT('',(82.9332750005096,27.1027970299935,77.0082407107785));
#1863=CARTESIAN_POINT('',(82.9332750005096,27.1027970299935,80.0082407107785));
#1864=CARTESIAN_POINT('',(77.2437558530085,32.7267966628364,77.0082407107785));
#1865=CARTESIAN_POINT('Origin',(80.088515426759,29.914796846415,77.0082407107785));
#1866=CARTESIAN_POINT('',(77.2437558530085,32.7267966628364,80.0082407107785));
#1867=CARTESIAN_POINT('Origin',(97.8447595737506,42.1880001835785,80.0082407107785));
#1868=CARTESIAN_POINT('',(97.8447595737506,42.1880001835785,80.0082407107785));
#1869=CARTESIAN_POINT('',(97.9901271893899,42.3350613298447,80.0082407107785));
#1870=CARTESIAN_POINT('',(97.8447595737506,42.1880001835785,77.0082407107785));
#1871=CARTESIAN_POINT('',(97.8447595737506,42.1880001835785,80.0082407107785));
#1872=CARTESIAN_POINT('',(75.4916363792809,19.5744634260913,77.0082407107785));
#1873=CARTESIAN_POINT('Origin',(92.1552404262494,47.8119998164215,80.0082407107785));
#1874=CARTESIAN_POINT('',(92.1552404262494,47.8119998164215,80.0082407107785));
#1875=CARTESIAN_POINT('',(70.97185382705,68.7514422135159,80.0082407107784));
#1876=CARTESIAN_POINT('',(92.1552404262494,47.8119998164215,77.0082407107785));
#1877=CARTESIAN_POINT('',(92.1552404262494,47.8119998164215,80.0082407107785));
#1878=CARTESIAN_POINT('',(93.470344637159,46.5120401172693,77.0082407107784));
#1879=CARTESIAN_POINT('Origin',(77.2437558530085,32.7267966628364,80.0082407107785));
#1880=CARTESIAN_POINT('',(84.8448657552682,40.4164593858951,80.0082407107785));
#1881=CARTESIAN_POINT('',(62.3463749451592,17.6558614821417,77.0082407107785));
#1882=CARTESIAN_POINT('Origin',(82.8284271247462,-27.1715728752538,80.0082407107785));
#1883=CARTESIAN_POINT('',(82.8284271247462,-27.1715728752538,80.0082407107785));
#1884=CARTESIAN_POINT('',(97.8284271247462,-42.1715728752538,80.0082407107785));
#1885=CARTESIAN_POINT('',(45.3519760137428,10.3048782357495,80.0082407107785));
#1886=CARTESIAN_POINT('',(82.8284271247462,-27.1715728752538,77.0082407107785));
#1887=CARTESIAN_POINT('',(82.8284271247462,-27.1715728752538,80.0082407107785));
#1888=CARTESIAN_POINT('',(97.8284271247462,-42.1715728752538,77.0082407107785));
#1889=CARTESIAN_POINT('',(67.8519760137428,-12.1951217642505,77.0082407107785));
#1890=CARTESIAN_POINT('',(97.8284271247462,-42.1715728752538,80.0082407107785));
#1891=CARTESIAN_POINT('Origin',(80.,-30.,80.0082407107785));
#1892=CARTESIAN_POINT('',(77.1715728752538,-32.8284271247462,80.0082407107785));
#1893=CARTESIAN_POINT('Origin',(80.,-30.,80.0082407107784));
#1894=CARTESIAN_POINT('',(77.1715728752538,-32.8284271247462,77.0082407107785));
#1895=CARTESIAN_POINT('',(77.1715728752538,-32.8284271247462,80.0082407107785));
#1896=CARTESIAN_POINT('Origin',(80.,-30.,77.0082407107785));
#1897=CARTESIAN_POINT('Origin',(92.1715728752538,-47.8284271247462,80.0082407107785));
#1898=CARTESIAN_POINT('',(92.1715728752538,-47.8284271247462,80.0082407107785));
#1899=CARTESIAN_POINT('',(47.1951217642504,-2.85197601374286,80.0082407107785));
#1900=CARTESIAN_POINT('',(92.1715728752538,-47.8284271247462,77.0082407107785));
#1901=CARTESIAN_POINT('',(92.1715728752538,-47.8284271247462,80.0082407107785));
#1902=CARTESIAN_POINT('',(69.6951217642504,-25.3519760137428,77.0082407107785));
#1903=CARTESIAN_POINT('Origin',(97.8284271247462,-42.1715728752538,80.0082407107785));
#1904=CARTESIAN_POINT('',(118.930265902941,-21.0697340970588,80.0082407107785));
#1905=CARTESIAN_POINT('',(96.4302659029411,-43.5697340970589,77.0082407107785));
#1906=CARTESIAN_POINT('Origin',(35.,45.,80.0082407107785));
#1907=CARTESIAN_POINT('',(65.,45.,77.0082407107784));
#1908=CARTESIAN_POINT('',(35.,45.,77.0082407107784));
#1909=CARTESIAN_POINT('',(42.5396012295646,45.,77.0082407107784));
#1910=CARTESIAN_POINT('',(65.,45.,80.0082407107785));
#1911=CARTESIAN_POINT('',(65.,45.,80.0082407107785));
#1912=CARTESIAN_POINT('',(35.,45.,80.0082407107785));
#1913=CARTESIAN_POINT('',(42.5396012295646,45.,80.0082407107785));
#1914=CARTESIAN_POINT('',(35.,45.,80.0082407107785));
#1915=CARTESIAN_POINT('Origin',(35.,40.,80.0082407107785));
#1916=CARTESIAN_POINT('',(35.,35.,77.0082407107784));
#1917=CARTESIAN_POINT('Origin',(35.,40.,77.0082407107785));
#1918=CARTESIAN_POINT('',(35.,35.,80.0082407107785));
#1919=CARTESIAN_POINT('Origin',(35.,40.,80.0082407107784));
#1920=CARTESIAN_POINT('',(35.,35.,80.0082407107785));
#1921=CARTESIAN_POINT('Origin',(65.,35.,80.0082407107785));
#1922=CARTESIAN_POINT('',(65.,35.,77.0082407107784));
#1923=CARTESIAN_POINT('',(57.5396012295646,35.,77.0082407107784));
#1924=CARTESIAN_POINT('',(65.,35.,80.0082407107785));
#1925=CARTESIAN_POINT('',(57.5396012295646,35.,80.0082407107785));
#1926=CARTESIAN_POINT('',(65.,35.,80.0082407107785));
#1927=CARTESIAN_POINT('Origin',(65.,40.,80.0082407107785));
#1928=CARTESIAN_POINT('Origin',(65.,40.,77.0082407107785));
#1929=CARTESIAN_POINT('Origin',(65.,40.,80.0082407107784));
#1930=CARTESIAN_POINT('Origin',(5.,-15.,80.0082407107785));
#1931=CARTESIAN_POINT('',(5.,15.,77.0082407107785));
#1932=CARTESIAN_POINT('',(5.,-15.,77.0082407107785));
#1933=CARTESIAN_POINT('',(5.,-7.50749654842868,77.0082407107785));
#1934=CARTESIAN_POINT('',(5.,15.,80.0082407107785));
#1935=CARTESIAN_POINT('',(5.,15.,80.0082407107785));
#1936=CARTESIAN_POINT('',(5.,-15.,80.0082407107785));
#1937=CARTESIAN_POINT('',(5.,37.4925034515713,80.0082407107785));
#1938=CARTESIAN_POINT('',(5.,-15.,80.0082407107785));
#1939=CARTESIAN_POINT('Origin',(10.,-15.,80.0082407107785));
#1940=CARTESIAN_POINT('',(15.,-15.,77.0082407107785));
#1941=CARTESIAN_POINT('Origin',(10.,-15.,77.0082407107785));
#1942=CARTESIAN_POINT('',(15.,-15.,80.0082407107785));
#1943=CARTESIAN_POINT('Origin',(10.,-15.,80.0082407107784));
#1944=CARTESIAN_POINT('',(15.,-15.,80.0082407107785));
#1945=CARTESIAN_POINT('Origin',(15.,15.,80.0082407107785));
#1946=CARTESIAN_POINT('',(15.,15.,77.0082407107785));
#1947=CARTESIAN_POINT('',(15.,7.49250345157132,77.0082407107785));
#1948=CARTESIAN_POINT('',(15.,15.,80.0082407107785));
#1949=CARTESIAN_POINT('',(15.,52.4925034515713,80.0082407107784));
#1950=CARTESIAN_POINT('',(15.,15.,80.0082407107785));
#1951=CARTESIAN_POINT('Origin',(10.,15.,80.0082407107785));
#1952=CARTESIAN_POINT('Origin',(10.,15.,77.0082407107785));
#1953=CARTESIAN_POINT('Origin',(10.,15.,80.0082407107784));
#1954=CARTESIAN_POINT('Origin',(85.,-15.,80.0082407107785));
#1955=CARTESIAN_POINT('',(85.,15.,77.0082407107785));
#1956=CARTESIAN_POINT('',(85.,-15.,77.0082407107785));
#1957=CARTESIAN_POINT('',(85.,-7.50749654842868,77.0082407107785));
#1958=CARTESIAN_POINT('',(85.,15.,80.0082407107785));
#1959=CARTESIAN_POINT('',(85.,15.,80.0082407107785));
#1960=CARTESIAN_POINT('',(85.,-15.,80.0082407107785));
#1961=CARTESIAN_POINT('',(85.,37.4925034515713,80.0082407107785));
#1962=CARTESIAN_POINT('',(85.,-15.,80.0082407107785));
#1963=CARTESIAN_POINT('Origin',(90.,-15.,80.0082407107785));
#1964=CARTESIAN_POINT('',(95.,-15.,77.0082407107785));
#1965=CARTESIAN_POINT('Origin',(90.,-15.,77.0082407107785));
#1966=CARTESIAN_POINT('',(95.,-15.,80.0082407107785));
#1967=CARTESIAN_POINT('Origin',(90.,-15.,80.0082407107784));
#1968=CARTESIAN_POINT('',(95.,-15.,80.0082407107785));
#1969=CARTESIAN_POINT('Origin',(95.,15.,80.0082407107785));
#1970=CARTESIAN_POINT('',(95.,15.,77.0082407107785));
#1971=CARTESIAN_POINT('',(95.,7.49250345157132,77.0082407107785));
#1972=CARTESIAN_POINT('',(95.,15.,80.0082407107785));
#1973=CARTESIAN_POINT('',(95.,52.4925034515713,80.0082407107784));
#1974=CARTESIAN_POINT('',(95.,15.,80.0082407107785));
#1975=CARTESIAN_POINT('Origin',(90.,15.,80.0082407107785));
#1976=CARTESIAN_POINT('Origin',(90.,15.,77.0082407107785));
#1977=CARTESIAN_POINT('Origin',(90.,15.,80.0082407107784));
#1978=CARTESIAN_POINT('Origin',(35.,-35.,80.0082407107785));
#1979=CARTESIAN_POINT('',(65.,-35.,77.0082407107785));
#1980=CARTESIAN_POINT('',(35.,-35.,77.0082407107785));
#1981=CARTESIAN_POINT('',(42.5396012295646,-35.,77.0082407107785));
#1982=CARTESIAN_POINT('',(65.,-35.,80.0082407107785));
#1983=CARTESIAN_POINT('',(65.,-35.,80.0082407107785));
#1984=CARTESIAN_POINT('',(35.,-35.,80.0082407107785));
#1985=CARTESIAN_POINT('',(42.5396012295646,-35.,80.0082407107785));
#1986=CARTESIAN_POINT('',(35.,-35.,80.0082407107785));
#1987=CARTESIAN_POINT('Origin',(35.,-40.,80.0082407107785));
#1988=CARTESIAN_POINT('',(35.,-45.,77.0082407107785));
#1989=CARTESIAN_POINT('Origin',(35.,-40.,77.0082407107785));
#1990=CARTESIAN_POINT('',(35.,-45.,80.0082407107785));
#1991=CARTESIAN_POINT('Origin',(35.,-40.,80.0082407107784));
#1992=CARTESIAN_POINT('',(35.,-45.,80.0082407107785));
#1993=CARTESIAN_POINT('Origin',(65.,-45.,80.0082407107785));
#1994=CARTESIAN_POINT('',(65.,-45.,77.0082407107785));
#1995=CARTESIAN_POINT('',(57.5396012295646,-45.,77.0082407107785));
#1996=CARTESIAN_POINT('',(65.,-45.,80.0082407107785));
#1997=CARTESIAN_POINT('',(57.5396012295646,-45.,80.0082407107785));
#1998=CARTESIAN_POINT('',(65.,-45.,80.0082407107785));
#1999=CARTESIAN_POINT('Origin',(65.,-40.,80.0082407107785));
#2000=CARTESIAN_POINT('Origin',(65.,-40.,77.0082407107785));
#2001=CARTESIAN_POINT('Origin',(65.,-40.,80.0082407107784));
#2002=CARTESIAN_POINT('Origin',(99.9999990710836,49.9781290549229,80.0082407107784));
#2003=CARTESIAN_POINT('',(88.0370127347803,25.2165265640214,80.0082407107784));
#2004=CARTESIAN_POINT('',(75.3786143189391,37.7291530615237,80.0082407107784));
#2005=CARTESIAN_POINT('Origin',(99.9999990710836,49.9781290549229,80.0082407107784));
#2006=CARTESIAN_POINT('',(75.3786143189391,37.7291530615237,77.0082407107784));
#2007=CARTESIAN_POINT('',(75.3786143189391,37.7291530615237,80.0082407107784));
#2008=CARTESIAN_POINT('',(88.0370127347803,25.2165265640214,77.0082407107784));
#2009=CARTESIAN_POINT('Origin',(99.9999990710836,49.9781290549229,77.0082407107784));
#2010=CARTESIAN_POINT('',(88.0370127347803,25.2165265640214,80.0082407107784));
#2011=CARTESIAN_POINT('Origin',(100.158404918258,37.4791327917192,80.0082407107784));
#2012=CARTESIAN_POINT('',(100.158404918258,37.4791327917192,80.0082407107784));
#2013=CARTESIAN_POINT('',(78.3654063409921,15.4322460951521,80.0082407107784));
#2014=CARTESIAN_POINT('',(100.158404918258,37.4791327917192,77.0082407107784));
#2015=CARTESIAN_POINT('',(78.3654063409921,15.4322460951521,77.0082407107785));
#2016=CARTESIAN_POINT('',(100.158404918258,37.4791327917192,80.0082407107784));
#2017=CARTESIAN_POINT('Origin',(99.9999990710836,49.9781290549229,80.0082407107784));
#2018=CARTESIAN_POINT('',(87.5000065024172,49.9917592892216,80.0082407107784));
#2019=CARTESIAN_POINT('Origin',(99.9999990710836,49.9781290549229,80.0082407107784));
#2020=CARTESIAN_POINT('',(87.5000065024172,49.9917592892216,77.0082407107784));
#2021=CARTESIAN_POINT('Origin',(99.9999990710836,49.9781290549229,77.0082407107784));
#2022=CARTESIAN_POINT('',(87.5000065024172,49.9917592892216,80.0082407107784));
#2023=CARTESIAN_POINT('Origin',(75.3786143189391,37.7291530615237,80.0082407107784));
#2024=CARTESIAN_POINT('',(87.5000065024172,49.9917592892216,80.0082407107784));
#2025=CARTESIAN_POINT('',(87.5000065024172,49.9917592892216,77.0082407107784));
#2026=CARTESIAN_POINT('Origin',(0.,-50.0082407107784,80.0082407107785));
#2027=CARTESIAN_POINT('',(12.1724510674267,-25.3489334412888,80.0082407107785));
#2028=CARTESIAN_POINT('',(24.6724437722697,-37.8624382134467,80.0082407107785));
#2029=CARTESIAN_POINT('Origin',(0.,-50.0082407107784,80.0082407107785));
#2030=CARTESIAN_POINT('',(24.6724437722697,-37.8624382134467,77.0082407107785));
#2031=CARTESIAN_POINT('',(24.6724437722697,-37.8624382134467,80.0082407107785));
#2032=CARTESIAN_POINT('',(12.1724510674267,-25.3489334412888,77.0082407107785));
#2033=CARTESIAN_POINT('Origin',(0.,-50.0082407107784,77.0082407107785));
#2034=CARTESIAN_POINT('',(12.1724510674267,-25.3489334412888,80.0082407107785));
#2035=CARTESIAN_POINT('Origin',(0.,-37.5082407107784,80.0082407107785));
#2036=CARTESIAN_POINT('',(-3.33066907387547E-15,-37.5082407107784,80.0082407107785));
#2037=CARTESIAN_POINT('',(0.,-37.5082407107784,80.0082407107785));
#2038=CARTESIAN_POINT('',(0.,-37.5082407107784,77.0082407107785));
#2039=CARTESIAN_POINT('',(0.,-37.5082407107784,77.0082407107785));
#2040=CARTESIAN_POINT('',(0.,-37.5082407107784,80.0082407107785));
#2041=CARTESIAN_POINT('Origin',(0.,-50.0082407107784,80.0082407107785));
#2042=CARTESIAN_POINT('',(12.499992704843,-50.0217454829363,80.0082407107785));
#2043=CARTESIAN_POINT('Origin',(0.,-50.0082407107784,80.0082407107785));
#2044=CARTESIAN_POINT('',(12.499992704843,-50.0217454829363,77.0082407107785));
#2045=CARTESIAN_POINT('Origin',(0.,-50.0082407107784,77.0082407107785));
#2046=CARTESIAN_POINT('',(12.499992704843,-50.0217454829363,80.0082407107785));
#2047=CARTESIAN_POINT('Origin',(24.6724437722697,-37.8624382134467,80.0082407107785));
#2048=CARTESIAN_POINT('',(34.4321408769156,-28.1132796179276,80.0082407107785));
#2049=CARTESIAN_POINT('',(34.4321408769156,-28.1132796179276,77.0082407107785));
#2050=CARTESIAN_POINT('Origin',(0.,49.9917592892216,80.0082407107784));
#2051=CARTESIAN_POINT('',(24.6636498283203,37.8281094609013,80.0082407107784));
#2052=CARTESIAN_POINT('',(12.1636498283203,25.3281094609013,80.0082407107784));
#2053=CARTESIAN_POINT('Origin',(0.,49.9917592892216,80.0082407107784));
#2054=CARTESIAN_POINT('',(12.1636498283203,25.3281094609013,77.0082407107784));
#2055=CARTESIAN_POINT('',(12.1636498283203,25.3281094609013,80.0082407107784));
#2056=CARTESIAN_POINT('',(24.6636498283203,37.8281094609013,77.0082407107784));
#2057=CARTESIAN_POINT('Origin',(0.,49.9917592892216,77.0082407107784));
#2058=CARTESIAN_POINT('',(24.6636498283203,37.8281094609013,80.0082407107784));
#2059=CARTESIAN_POINT('Origin',(12.5,49.9917592892216,80.0082407107784));
#2060=CARTESIAN_POINT('',(12.5,49.9917592892216,80.0082407107784));
#2061=CARTESIAN_POINT('',(34.420310216783,28.0714490724386,80.0082407107784));
#2062=CARTESIAN_POINT('',(12.5,49.9917592892216,77.0082407107784));
#2063=CARTESIAN_POINT('',(34.420310216783,28.0714490724386,77.0082407107784));
#2064=CARTESIAN_POINT('',(12.5,49.9917592892216,80.0082407107784));
#2065=CARTESIAN_POINT('Origin',(0.,49.9917592892216,80.0082407107784));
#2066=CARTESIAN_POINT('',(0.,37.4917592892216,80.0082407107784));
#2067=CARTESIAN_POINT('Origin',(0.,49.9917592892216,80.0082407107784));
#2068=CARTESIAN_POINT('',(0.,37.4917592892216,77.0082407107784));
#2069=CARTESIAN_POINT('Origin',(0.,49.9917592892216,77.0082407107784));
#2070=CARTESIAN_POINT('',(0.,37.4917592892216,80.0082407107784));
#2071=CARTESIAN_POINT('Origin',(12.1636498283203,25.3281094609013,80.0082407107784));
#2072=CARTESIAN_POINT('',(0.,37.4917592892216,80.0082407107784));
#2073=CARTESIAN_POINT('',(0.,37.4917592892216,77.0082407107784));
#2074=CARTESIAN_POINT('Origin',(100.158404918258,-50.0217454829363,80.0082407107785));
#2075=CARTESIAN_POINT('',(75.4947550899382,-37.858095654616,80.0082407107785));
#2076=CARTESIAN_POINT('',(87.9947550899382,-25.358095654616,80.0082407107785));
#2077=CARTESIAN_POINT('Origin',(100.158404918258,-50.0217454829363,80.0082407107785));
#2078=CARTESIAN_POINT('',(87.9947550899382,-25.358095654616,77.0082407107785));
#2079=CARTESIAN_POINT('',(87.9947550899382,-25.358095654616,80.0082407107785));
#2080=CARTESIAN_POINT('',(75.4947550899382,-37.858095654616,77.0082407107785));
#2081=CARTESIAN_POINT('Origin',(100.158404918258,-50.0217454829363,77.0082407107785));
#2082=CARTESIAN_POINT('',(75.4947550899382,-37.858095654616,80.0082407107785));
#2083=CARTESIAN_POINT('Origin',(87.6584049182585,-50.0217454829363,80.0082407107785));
#2084=CARTESIAN_POINT('',(87.6584049182585,-50.0217454829363,80.0082407107785));
#2085=CARTESIAN_POINT('',(87.6584049182585,-50.0217454829363,80.0082407107785));
#2086=CARTESIAN_POINT('',(87.6584049182585,-50.0217454829363,77.0082407107785));
#2087=CARTESIAN_POINT('',(87.6584049182585,-50.0217454829363,77.0082407107785));
#2088=CARTESIAN_POINT('',(87.6584049182585,-50.0217454829363,80.0082407107785));
#2089=CARTESIAN_POINT('Origin',(100.158404918258,-50.0217454829363,80.0082407107785));
#2090=CARTESIAN_POINT('',(100.158404918258,-37.5217454829363,80.0082407107785));
#2091=CARTESIAN_POINT('Origin',(100.158404918258,-50.0217454829363,80.0082407107785));
#2092=CARTESIAN_POINT('',(100.158404918258,-37.5217454829363,77.0082407107785));
#2093=CARTESIAN_POINT('Origin',(100.158404918258,-50.0217454829363,77.0082407107785));
#2094=CARTESIAN_POINT('',(100.158404918258,-37.5217454829363,80.0082407107785));
#2095=CARTESIAN_POINT('Origin',(87.9947550899382,-25.358095654616,80.0082407107785));
#2096=CARTESIAN_POINT('',(100.158404918258,-37.5217454829363,80.0082407107785));
#2097=CARTESIAN_POINT('',(100.158404918258,-37.5217454829363,77.0082407107785));
#2098=CARTESIAN_POINT('Origin',(65.1584049182585,-50.0217454829363,80.0082407107785));
#2099=CARTESIAN_POINT('',(65.1584049182585,-50.0217454829363,80.0082407107785));
#2100=CARTESIAN_POINT('',(34.9999973945875,-50.0217454829363,80.0082407107785));
#2101=CARTESIAN_POINT('',(100.158404918258,-50.0217454829363,80.0082407107785));
#2102=CARTESIAN_POINT('',(34.9999973945875,-50.0217454829363,77.0082407107785));
#2103=CARTESIAN_POINT('',(34.9999973945875,-50.0217454829363,80.0082407107785));
#2104=CARTESIAN_POINT('',(65.1584049182585,-50.0217454829363,77.0082407107785));
#2105=CARTESIAN_POINT('',(100.158404918258,-50.0217454829363,77.0082407107785));
#2106=CARTESIAN_POINT('',(65.1584049182585,-50.0217454829363,80.0082407107785));
#2107=CARTESIAN_POINT('Origin',(100.158404918258,-50.0217454829363,80.0082407107785));
#2108=CARTESIAN_POINT('',(100.158404918258,-15.0217454829363,80.0082407107785));
#2109=CARTESIAN_POINT('Origin',(100.158404918258,-50.0217454829363,80.0082407107785));
#2110=CARTESIAN_POINT('',(100.158404918258,-15.0217454829363,77.0082407107785));
#2111=CARTESIAN_POINT('Origin',(100.158404918258,-50.0217454829363,77.0082407107785));
#2112=CARTESIAN_POINT('',(100.158404918258,-15.0217454829363,80.0082407107785));
#2113=CARTESIAN_POINT('Origin',(100.158404918258,14.9784875197931,80.0082407107784));
#2114=CARTESIAN_POINT('',(100.158404918258,14.9784875197931,80.0082407107784));
#2115=CARTESIAN_POINT('',(100.158404918258,139.991759289222,80.0082407107784));
#2116=CARTESIAN_POINT('',(100.158404918258,14.9784875197931,77.0082407107785));
#2117=CARTESIAN_POINT('',(100.158404918258,49.9917592892216,77.0082407107784));
#2118=CARTESIAN_POINT('',(100.158404918258,14.9784875197931,80.0082407107784));
#2119=CARTESIAN_POINT('Origin',(99.9999990710836,49.9781290549229,80.0082407107784));
#2120=CARTESIAN_POINT('',(65.0000017251306,49.9917592892216,80.0082407107784));
#2121=CARTESIAN_POINT('Origin',(99.9999990710836,49.9781290549229,80.0082407107784));
#2122=CARTESIAN_POINT('',(65.0000017251306,49.9917592892216,77.0082407107784));
#2123=CARTESIAN_POINT('Origin',(99.9999990710836,49.9781290549229,77.0082407107784));
#2124=CARTESIAN_POINT('',(65.0000017251306,49.9917592892216,80.0082407107784));
#2125=CARTESIAN_POINT('Origin',(35.,49.9917592892216,80.0082407107784));
#2126=CARTESIAN_POINT('',(35.,49.9917592892216,80.0082407107784));
#2127=CARTESIAN_POINT('',(0.,49.9917592892216,80.0082407107784));
#2128=CARTESIAN_POINT('',(35.,49.9917592892216,77.0082407107784));
#2129=CARTESIAN_POINT('',(0.,49.9917592892216,77.0082407107784));
#2130=CARTESIAN_POINT('',(35.,49.9917592892216,80.0082407107784));
#2131=CARTESIAN_POINT('Origin',(0.,49.9917592892216,80.0082407107784));
#2132=CARTESIAN_POINT('',(0.,14.9917592892216,80.0082407107784));
#2133=CARTESIAN_POINT('Origin',(0.,49.9917592892216,80.0082407107784));
#2134=CARTESIAN_POINT('',(0.,14.9917592892216,77.0082407107785));
#2135=CARTESIAN_POINT('Origin',(0.,49.9917592892216,77.0082407107784));
#2136=CARTESIAN_POINT('',(0.,14.9917592892216,80.0082407107784));
#2137=CARTESIAN_POINT('Origin',(0.,-15.0082407107784,80.0082407107785));
#2138=CARTESIAN_POINT('',(0.,-15.0082407107784,80.0082407107785));
#2139=CARTESIAN_POINT('',(0.,39.9782545170637,80.0082407107784));
#2140=CARTESIAN_POINT('',(0.,-15.0082407107784,77.0082407107785));
#2141=CARTESIAN_POINT('',(0.,-50.0217454829363,77.0082407107785));
#2142=CARTESIAN_POINT('',(0.,-15.0082407107784,80.0082407107785));
#2143=CARTESIAN_POINT('Origin',(0.,-50.0082407107784,80.0082407107785));
#2144=CARTESIAN_POINT('Origin',(0.,-50.0082407107784,80.0082407107785));
#2145=CARTESIAN_POINT('Origin',(0.,-50.0082407107784,77.0082407107785));
#2146=CARTESIAN_POINT('Origin',(50.0792024591292,-0.0149930968573564,77.0082407107785));
#2147=CARTESIAN_POINT('Origin',(50.0792024591292,89.9850069031427,80.0082407107784));
#2148=UNCERTAINTY_MEASURE_WITH_UNIT(LENGTH_MEASURE(0.01),#2152,
'DISTANCE_ACCURACY_VALUE',
'Maximum model space distance between geometric entities at asserted c
onnectivities');
#2149=UNCERTAINTY_MEASURE_WITH_UNIT(LENGTH_MEASURE(0.01),#2152,
'DISTANCE_ACCURACY_VALUE',
'Maximum model space distance between geometric entities at asserted c
onnectivities');
#2150=(
GEOMETRIC_REPRESENTATION_CONTEXT(3)
GLOBAL_UNCERTAINTY_ASSIGNED_CONTEXT((#2148))
GLOBAL_UNIT_ASSIGNED_CONTEXT((#2152,#2154,#2155))
REPRESENTATION_CONTEXT('','3D')
);
#2151=(
GEOMETRIC_REPRESENTATION_CONTEXT(3)
GLOBAL_UNCERTAINTY_ASSIGNED_CONTEXT((#2149))
GLOBAL_UNIT_ASSIGNED_CONTEXT((#2152,#2154,#2155))
REPRESENTATION_CONTEXT('','3D')
);
#2152=(
LENGTH_UNIT()
NAMED_UNIT(*)
SI_UNIT(.MILLI.,.METRE.)
);
#2153=(
LENGTH_UNIT()
NAMED_UNIT(*)
SI_UNIT($,.METRE.)
);
#2154=(
NAMED_UNIT(*)
PLANE_ANGLE_UNIT()
SI_UNIT($,.RADIAN.)
);
#2155=(
NAMED_UNIT(*)
SI_UNIT($,.STERADIAN.)
SOLID_ANGLE_UNIT()
);
#2156=SHAPE_DEFINITION_REPRESENTATION(#2157,#2158);
#2157=PRODUCT_DEFINITION_SHAPE('',$,#2160);
#2158=SHAPE_REPRESENTATION('',(#1304),#2150);
#2159=PRODUCT_DEFINITION_CONTEXT('part definition',#2164,'design');
#2160=PRODUCT_DEFINITION('2026-07-30-17-30-24-029','body drone Copy',#2161,
#2159);
#2161=PRODUCT_DEFINITION_FORMATION('',$,#2166);
#2162=PRODUCT_RELATED_PRODUCT_CATEGORY('body drone Copy',
'body drone Copy',(#2166));
#2163=APPLICATION_PROTOCOL_DEFINITION('international standard',
'automotive_design',2009,#2164);
#2164=APPLICATION_CONTEXT(
'Core Data for Automotive Mechanical Design Process');
#2165=PRODUCT_CONTEXT('part definition',#2164,'mechanical');
#2166=PRODUCT('2026-07-30-17-30-24-029','body drone Copy',$,(#2165));
#2167=PRESENTATION_STYLE_ASSIGNMENT((#2168));
#2168=SURFACE_STYLE_USAGE(.BOTH.,#2169);
#2169=SURFACE_SIDE_STYLE('',(#2170));
#2170=SURFACE_STYLE_FILL_AREA(#2171);
#2171=FILL_AREA_STYLE('Steel - Satin',(#2172));
#2172=FILL_AREA_STYLE_COLOUR('Steel - Satin',#2173);
#2173=COLOUR_RGB('Steel - Satin',0.627450980392157,0.627450980392157,0.627450980392157);
ENDSEC;
END-ISO-10303-21;
